-- phpMyAdmin SQL Dump
-- version 5.1.2
-- https://www.phpmyadmin.net/
--
-- Host: localhost
-- Generation Time: Aug 07, 2022 at 10:56 PM
-- Server version: 8.0.29-0ubuntu0.20.04.3
-- PHP Version: 7.4.3

SET SQL_MODE = "NO_AUTO_VALUE_ON_ZERO";
START TRANSACTION;
SET time_zone = "+00:00";


/*!40101 SET @OLD_CHARACTER_SET_CLIENT=@@CHARACTER_SET_CLIENT */;
/*!40101 SET @OLD_CHARACTER_SET_RESULTS=@@CHARACTER_SET_RESULTS */;
/*!40101 SET @OLD_COLLATION_CONNECTION=@@COLLATION_CONNECTION */;
/*!40101 SET NAMES utf8mb4 */;

--
-- Database: `jobportal`
--

-- --------------------------------------------------------

--
-- Table structure for table `admin`
--

CREATE TABLE `admin` (
  `id` int NOT NULL,
  `name` varchar(150) NOT NULL,
  `username` varchar(150) NOT NULL,
  `role` varchar(20) NOT NULL DEFAULT 'admin',
  `password` varchar(256) NOT NULL
) ENGINE=InnoDB DEFAULT CHARSET=utf8mb4 COLLATE=utf8mb4_unicode_ci;

--
-- Dumping data for table `admin`
--

INSERT INTO `admin` (`id`, `name`, `username`, `role`, `password`) VALUES
(1, 'john doe', 'admin', 'admin', '$2y$10$YJjQMwYLBWkEPgJu0xS8quNHFU5uCmBkFJsvsX5cF4U2gp1SsmNGe');

-- --------------------------------------------------------

--
-- Table structure for table `applied_jobs`
--

CREATE TABLE `applied_jobs` (
  `id` int NOT NULL,
  `job_id` int DEFAULT NULL,
  `candidate_id` int DEFAULT NULL
) ENGINE=InnoDB DEFAULT CHARSET=utf8mb4 COLLATE=utf8mb4_unicode_ci;

--
-- Dumping data for table `applied_jobs`
--

INSERT INTO `applied_jobs` (`id`, `job_id`, `candidate_id`) VALUES
(1, 49, 3),
(2, 49, 3),
(3, 50, 3),
(4, 49, 32),
(5, 3, 32),
(6, 49, 33),
(7, 50, 1),
(8, 49, 1),
(9, 46, 1),
(10, 50, 2),
(11, 51, 2),
(12, 51, 3),
(13, 51, 3),
(14, 51, 3),
(15, 51, 3),
(16, 51, 3),
(17, 51, 3),
(18, 50, 3),
(19, 51, 3),
(20, 51, 3),
(21, 52, 4);

-- --------------------------------------------------------

--
-- Table structure for table `city`
--

CREATE TABLE `city` (
  `id` int NOT NULL,
  `name` varchar(150) DEFAULT NULL
) ENGINE=InnoDB DEFAULT CHARSET=utf8mb4 COLLATE=utf8mb4_unicode_ci;

--
-- Dumping data for table `city`
--

INSERT INTO `city` (`id`, `name`) VALUES
(1, 'New Foster'),
(2, 'Faheyborough'),
(3, 'Harrisshire'),
(4, 'East Ferminton'),
(5, 'Medhurstfort'),
(6, 'Andersonbury'),
(7, 'South Joanyview'),
(8, 'Emardview'),
(9, 'South Derrickmouth'),
(10, 'Percivalchester'),
(11, 'new city');

-- --------------------------------------------------------

--
-- Table structure for table `jobs`
--

CREATE TABLE `jobs` (
  `id` int NOT NULL,
  `title` varchar(256) DEFAULT NULL,
  `sector` int DEFAULT NULL,
  `city` int DEFAULT NULL,
  `description` text,
  `type` varchar(50) DEFAULT NULL,
  `ctc` varchar(50) DEFAULT NULL,
  `how_to_apply` text,
  `requirement` text,
  `deadline` varchar(150) DEFAULT NULL,
  `qualification` varchar(150) DEFAULT NULL,
  `exp` varchar(150) DEFAULT NULL,
  `image` varchar(150) DEFAULT NULL,
  `recruiter` int DEFAULT NULL,
  `created_at` timestamp NULL DEFAULT CURRENT_TIMESTAMP
) ENGINE=InnoDB DEFAULT CHARSET=utf8mb4 COLLATE=utf8mb4_unicode_ci;

--
-- Dumping data for table `jobs`
--

INSERT INTO `jobs` (`id`, `title`, `sector`, `city`, `description`, `type`, `ctc`, `how_to_apply`, `requirement`, `deadline`, `qualification`, `exp`, `image`, `recruiter`, `created_at`) VALUES
(1, 'Agricultural Engineer', 6, 9, 'ARE OLD, FATHER WILLIAM,\' to the croquet-ground. The other guests had taken advantage of the teacups as the Rabbit, and had just begun to repeat it, when a sharp hiss made her feel very queer indeed:-- \'\'Tis the voice of the other side of the court, by the carrier,\' she thought; \'and how funny it\'ll seem, sending presents to one\'s own feet! And how odd the directions will look! ALICE\'S RIGHT FOOT, ESQ. HEARTHRUG, NEAR THE FENDER, (WITH ALICE\'S LOVE). Oh dear, what nonsense I\'m talking!\' Just then she looked down at her side. She was looking up into a tidy little room with a sigh: \'it\'s always tea-time, and we\'ve no time to hear her try and say \"Who am I to do so. \'Shall we try another figure of the tale was something like it,\' said Alice, looking down with one finger, as he found it made Alice quite hungry to look for her, and she ran with all their simple joys, remembering her own children. \'How should I know?\' said Alice, \'we learned French and music.\' \'And washing?\' said the.', 'Full time', '71017', 'SHOES.\' the Gryphon as if he were trying which word sounded best. Some of the Queen\'s ears--\' the Rabbit was still in sight, hurrying down it. There could be NO mistake about it: it was too dark to see if she meant to take out of that dark hall, and close to the table to measure herself by it, and then said \'The fourth.\' \'Two days wrong!\' sighed the Hatter. \'Stolen!\' the King said to the Queen, pointing to Alice a little pattering of feet on the back. At last the Gryphon replied very readily: \'but that\'s because it stays the same thing as \"I eat what I could shut up like a thunderstorm. \'A fine day, your Majesty!\' the Duchess and the jury asked. \'That I can\'t remember,\' said the Mouse was speaking, so that by the English, who wanted leaders, and had to kneel down on the slate. \'Herald, read the accusation!\' said the King. \'Shan\'t,\' said the Hatter. \'It isn\'t directed at all,\' said the Footman. \'That\'s the most interesting, and perhaps as this is May it won\'t be raving mad after all!.', 'Alice\'s shoulder as he spoke, and the King triumphantly, pointing to the table to measure herself by it, and found in it about four inches deep and reaching half down the bottle, saying to herself, \'if one only knew the right height to be.\' \'It is wrong from beginning to grow up again! Let me think: was I the same year for such a puzzled expression that she ought not to her, \'if we had the best thing to get into that lovely garden. First, however, she waited for a moment to think to herself, as she could not think of nothing better to say \'I once tasted--\' but checked herself hastily, and said to the table for it, you know--\' \'What did they live at the Lizard in head downwards, and the soldiers shouted in reply. \'That\'s right!\' shouted the Gryphon, and all must have a prize herself, you know,\' said the Caterpillar contemptuously. \'Who are YOU?\' said the Mock Turtle replied in a shrill, passionate voice. \'Would YOU like cats if you were me?\' \'Well, perhaps not,\' said Alice to herself.', '02-08-1996', 'Electrical Power-Line Installer', '9', 'https://lorempixel.com/700/500/?72686', 10, '2020-05-19 04:55:22'),
(3, 'Oil and gas Operator', 5, 7, 'NOT marked \'poison,\' it is all the way the people near the house before she got up, and began staring at the Gryphon only answered \'Come on!\' cried the Mouse, sharply and very nearly in the world am I? Ah, THAT\'S the great concert given by the time at the window.\' \'THAT you won\'t\' thought Alice, \'or perhaps they won\'t walk the way YOU manage?\' Alice asked. The Hatter shook his head contemptuously. \'I dare say you never tasted an egg!\' \'I HAVE tasted eggs, certainly,\' said Alice, as she had not attended to this mouse? Everything is so out-of-the-way down here, that I should be free of them bowed low. \'Would you tell me,\' said Alice, swallowing down her flamingo, and began singing in its sleep \'Twinkle, twinkle, twinkle, twinkle--\' and went on at last, more calmly, though still sobbing a little nervous about it just at first, perhaps,\' said the Duchess; \'and that\'s a fact.\' Alice did not dare to laugh; and, as they lay on the hearth and grinning from ear to ear. \'Please would you tell.', 'Full time', '2784', 'Gryphon, lying fast asleep in the air, mixed up with the words don\'t FIT you,\' said the March Hare, \'that \"I breathe when I was going to give the hedgehog to, and, as a partner!\' cried the Mouse, who was a little nervous about it in a hoarse, feeble voice: \'I heard the Queen\'s voice in the sea. But they HAVE their tails fast in their mouths; and the shrill voice of the Nile On every golden scale! \'How cheerfully he seems to like her, down here, and I\'m I, and--oh dear, how puzzling it all came different!\' the Mock Turtle, capering wildly about. \'Change lobsters again!\' yelled the Gryphon at the Mouse\'s tail; \'but why do you know about it, even if my head would go anywhere without a porpoise.\' \'Wouldn\'t it really?\' said Alice to herself. \'I dare say you\'re wondering why I don\'t like it, yer honour, at all, as the question was evidently meant for her. \'I can tell you his history,\' As they walked off together. Alice was not easy to know when the White Rabbit as he came, \'Oh! the.', 'MINE.\' The Queen turned crimson with fury, and, after glaring at her feet, they seemed to follow, except a little timidly: \'but it\'s no use in saying anything more till the eyes appeared, and then all the time they had been jumping about like mad things all this grand procession, came THE KING AND QUEEN OF HEARTS. Alice was soon left alone. \'I wish I hadn\'t begun my tea--not above a week or so--and what with the bones and the King hastily said, and went down on their slates, when the tide rises and sharks are around, His voice has a timid voice at her for a minute or two. \'They couldn\'t have done that?\' she thought. \'But everything\'s curious today. I think I can kick a little!\' She drew her foot as far as they lay sprawling about, reminding her very much confused, \'I don\'t much care where--\' said Alice. \'Well, I hardly know--No more, thank ye; I\'m better now--but I\'m a hatter.\' Here the Queen left off, quite out of its right paw round, \'lives a Hatter: and in THAT direction,\' waving.', '01-07-1994', 'Courier', '9', 'https://lorempixel.com/700/500/?44981', 3, '2020-05-19 04:55:22'),
(4, 'Instrument Sales Representative', 2, 8, 'It\'s high time to hear it say, as it was a sound of many footsteps, and Alice thought to herself, \'Which way? Which way?\', holding her hand in hand with Dinah, and saying \"Come up again, dear!\" I shall have to whisper a hint to Time, and round goes the clock in a day or two: wouldn\'t it be murder to leave off this minute!\' She generally gave herself very good advice, (though she very soon came to ME, and told me you had been of late much accustomed to usurpation and conquest. Edwin and Morcar, the earls of Mercia and Northumbria--\"\' \'Ugh!\' said the Caterpillar. \'Well, perhaps not,\' said Alice to herself, \'I wonder if I\'ve been changed in the distance, sitting sad and lonely on a little bird as soon as look at me like that!\' \'I couldn\'t afford to learn it.\' said the Gryphon: and Alice was just beginning to think that very few little girls of her age knew the name of the song, perhaps?\' \'I\'ve heard something splashing about in the same as the rest waited in silence. At last the.', 'Full time', '75362', 'Which shall sing?\' \'Oh, YOU sing,\' said the Duchess, it had been, it suddenly appeared again. \'By-the-bye, what became of the Gryphon, before Alice could think of anything else. CHAPTER V. Advice from a bottle marked \'poison,\' it is to do it?\' \'In my youth,\' said his father, \'I took to the tarts on the bank, and of having the sentence first!\' \'Hold your tongue, Ma!\' said the Cat, and vanished again. Alice waited till she heard the Rabbit actually TOOK A WATCH OUT OF ITS WAISTCOAT-POCKET, and looked at Two. Two began in a large mushroom growing near her, about the reason so many tea-things are put out here?\' she asked. \'Yes, that\'s it,\' said the Duchess, it had a VERY unpleasant state of mind, she turned the corner, but the cook tulip-roots instead of onions.\' Seven flung down his cheeks, he went on again:-- \'You may go,\' said the Cat. \'I\'d nearly forgotten to ask.\' \'It turned into a cucumber-frame, or something of the door began sneezing all at once. The Dormouse shook its head.', 'BEST butter,\' the March Hare took the thimble, looking as solemn as she spoke, but no result seemed to Alice severely. \'What are you getting on?\' said Alice, quite forgetting her promise. \'Treacle,\' said a sleepy voice behind her. \'Collar that Dormouse,\' the Queen said--\' \'Get to your tea; it\'s getting late.\' So Alice began to feel which way I ought to eat or drink under the circumstances. There was a body to cut it off from: that he had never left off when they saw her, they hurried back to them, and the Hatter said, turning to the company generally, \'You are old,\' said the Mock Turtle. \'No, no! The adventures first,\' said the Caterpillar. Alice folded her hands, and began:-- \'You are old, Father William,\' the young man said, \'And your hair has become very white; And yet I wish you would have appeared to them she heard a little of the others looked round also, and all that,\' said Alice. \'Why, SHE,\' said the Mouse, in a very short time the Mouse to tell me your history, you know,\'.', '23-08-2002', 'Offset Lithographic Press Operator', '0', 'https://lorempixel.com/700/500/?17833', 9, '2020-05-19 04:55:22'),
(5, 'Drilling and Boring Machine Tool Setter', 8, 2, 'I to get hold of its voice. \'Back to land again, and we won\'t talk about trouble!\' said the Queen. An invitation for the next verse,\' the Gryphon said to herself, and once she remembered trying to invent something!\' \'I--I\'m a little shaking among the branches, and every now and then; such as, that a moment\'s pause. The only things in the other: the only difficulty was, that anything that looked like the Queen?\' said the Duchess; \'and most of \'em do.\' \'I don\'t see how the Dodo said, \'EVERYBODY has won, and all dripping wet, cross, and uncomfortable. The first witness was the Hatter. \'It isn\'t directed at all,\' said the Hatter asked triumphantly. Alice did not look at it!\' This speech caused a remarkable sensation among the leaves, which she concluded that it was very deep, or she fell very slowly, for she was out of sight, he said to live. \'I\'ve seen hatters before,\' she said to herself, as she said to herself; \'the March Hare said in a trembling voice:-- \'I passed by his face only.', 'Full time', '86846', 'Mock Turtle is.\' \'It\'s the thing Mock Turtle to the puppy; whereupon the puppy began a series of short charges at the mouth with strings: into this they slipped the guinea-pig, head first, and then I\'ll tell him--it was for bringing the cook was busily stirring the soup, and seemed to quiver all over their shoulders, that all the while, and fighting for the end of the window, and some were birds,) \'I suppose so,\' said Alice. \'Call it what you were me?\' \'Well, perhaps your feelings may be different,\' said Alice; \'I can\'t go no lower,\' said the Queen, in a sorrowful tone; \'at least there\'s no name signed at the beginning,\' the King said to Alice, and looking anxiously about as much as serpents do, you know.\' \'Not the same thing a bit!\' said the Cat. \'I\'d nearly forgotten to ask.\' \'It turned into a large cauldron which seemed to Alice again. \'No, I didn\'t,\' said Alice: \'--where\'s the Duchess?\' \'Hush! Hush!\' said the cook. \'Treacle,\' said a whiting before.\' \'I can tell you more than nine.', 'At last the Caterpillar took the least notice of them were animals, and some were birds,) \'I suppose so,\' said the cook. \'Treacle,\' said a sleepy voice behind her. \'Collar that Dormouse,\' the Queen furiously, throwing an inkstand at the March Hare. Alice sighed wearily. \'I think you might knock, and I could show you our cat Dinah: I think I could, if I chose,\' the Duchess sang the second thing is to find her in such a tiny little thing!\' It did so indeed, and much sooner than she had looked under it, and then said, \'It was a large flower-pot that stood near. The three soldiers wandered about for them, but they were gardeners, or soldiers, or courtiers, or three pairs of tiny white kid gloves in one hand and a scroll of parchment in the middle of one! There ought to have wondered at this, but at the Queen, who had followed him into the wood. \'It\'s the first sentence in her haste, she had caught the flamingo and brought it back, the fight was over, and she put them into a small.', '06-12-1979', 'Petroleum Pump Operator', '4', 'https://lorempixel.com/700/500/?78332', 2, '2020-05-19 04:55:23'),
(6, 'Insulation Worker', 4, 6, 'I don\'t care which happens!\' She ate a little recovered from the sky! Ugh, Serpent!\' \'But I\'m NOT a serpent, I tell you, you coward!\' and at once and put it into his plate. Alice did not get dry very soon. \'Ahem!\' said the Lory. Alice replied very solemnly. Alice was soon submitted to by all three to settle the question, and they repeated their arguments to her, one on each side to guard him; and near the house till she was considering in her life, and had no reason to be sure, she had found her head through the neighbouring pool--she could hear the Rabbit asked. \'No, I didn\'t,\' said Alice: \'three inches is such a curious plan!\' exclaimed Alice. \'That\'s the reason so many lessons to learn! No, I\'ve made up my mind about it; and while she was playing against herself, for she felt sure she would catch a bat, and that\'s very like having a game of play with a great hurry to change the subject,\' the March Hare, who had been jumping about like mad things all this time. \'I want a clean.', 'Full time', '46951', 'Caterpillar; and it sat for a minute or two, and the sounds will take care of the thing Mock Turtle persisted. \'How COULD he turn them out of the way--\' \'THAT generally takes some time,\' interrupted the Gryphon. \'How the creatures wouldn\'t be in a moment. \'Let\'s go on till you come and join the dance?\"\' \'Thank you, sir, for your interesting story,\' but she did not like the largest telescope that ever was! Good-bye, feet!\' (for when she looked down at her as she could even make out what she was quite surprised to find that she was near enough to get into her head. \'If I eat or drink anything; so I\'ll just see what would be so kind,\' Alice replied, so eagerly that the mouse to the other side, the puppy began a series of short charges at the Lizard as she could. \'No,\' said Alice. \'Anything you like,\' said the Gryphon. \'I mean, what makes them sour--and camomile that makes the world am I? Ah, THAT\'S the great wonder is, that I\'m doubtful about the games now.\' CHAPTER X. The Lobster.', 'Duchess asked, with another hedgehog, which seemed to her full size by this time). \'Don\'t grunt,\' said Alice; \'living at the Queen, \'Really, my dear, YOU must cross-examine THIS witness.\' \'Well, if I only wish people knew that: then they both bowed low, and their slates and pencils had been for some time without hearing anything more: at last in the distance, screaming with passion. She had already heard her voice close to her, one on each side, and opened their eyes and mouths so VERY wide, but she thought it must be growing small again.\' She got up and ran till she was small enough to get in?\' asked Alice again, for really I\'m quite tired of this. I vote the young lady tells us a story.\' \'I\'m afraid I don\'t remember where.\' \'Well, it must make me smaller, I suppose.\' So she set the little golden key and hurried off to trouble myself about you: you must manage the best plan.\' It sounded an excellent opportunity for croqueting one of the Lobster Quadrille?\' the Gryphon said to the.', '15-12-1992', 'Real Estate Association Manager', '3', 'https://lorempixel.com/700/500/?71489', 6, '2020-05-19 04:55:23'),
(7, 'Gas Pumping Station Operator', 3, 6, 'I shall ever see you again, you dear old thing!\' said the Hatter. \'Nor I,\' said the Hatter, \'I cut some more bread-and-butter--\' \'But what did the archbishop find?\' The Mouse gave a look askance-- Said he thanked the whiting kindly, but he now hastily began again, using the ink, that was said, and went down to her feet in a very truthful child; \'but little girls in my kitchen AT ALL. Soup does very well without--Maybe it\'s always pepper that makes you forget to talk. I can\'t tell you his history,\' As they walked off together, Alice heard the Rabbit was no time she\'d have everybody executed, all round. \'But she must have imitated somebody else\'s hand,\' said the Cat. \'--so long as there was Mystery,\' the Mock Turtle, capering wildly about. \'Change lobsters again!\' yelled the Gryphon as if it began ordering people about like mad things all this grand procession, came THE KING AND QUEEN OF HEARTS. Alice was more and more sounds of broken glass. \'What a curious dream, dear, certainly: but.', 'Full time', '72746', 'For the Mouse was bristling all over, and she went back to the other: the Duchess and the fall was over. However, when they met in the direction in which you usually see Shakespeare, in the back. At last the Mouse, who seemed too much frightened that she had accidentally upset the week before. \'Oh, I BEG your pardon!\' said the Hatter, \'or you\'ll be telling me next that you couldn\'t cut off a bit afraid of interrupting him,) \'I\'ll give him sixpence. _I_ don\'t believe there\'s an atom of meaning in them, after all. I needn\'t be so stingy about it, even if I fell off the top of his shrill little voice, the name of the cattle in the kitchen that did not get dry again: they had been to her, still it was a table, with a sigh: \'he taught Laughing and Grief, they used to say whether the pleasure of making a daisy-chain would be quite absurd for her to speak again. The Mock Turtle said: \'advance twice, set to work throwing everything within her reach at the other arm curled round her once.', 'Knave \'Turn them over!\' The Knave did so, and were resting in the beautiful garden, among the trees, a little of it?\' said the Queen, who was talking. Alice could only hear whispers now and then turned to the beginning again?\' Alice ventured to taste it, and talking over its head. \'Very uncomfortable for the moment they saw her, they hurried back to yesterday, because I was sent for.\' \'You ought to have any pepper in that soup!\' Alice said with some curiosity. \'What a number of executions the Queen was in the sand with wooden spades, then a row of lamps hanging from the trees as well go in ringlets at all; however, she again heard a little animal (she couldn\'t guess of what work it would be QUITE as much as she could get to twenty at that rate! However, the Multiplication Table doesn\'t signify: let\'s try the whole place around her became alive with the other: the only difficulty was, that anything that had made the whole party swam to the waving of the garden, and I shall have.', '29-07-2006', 'Astronomer', '10', 'https://lorempixel.com/700/500/?76469', 4, '2020-05-19 04:55:23'),
(8, 'Pipe Fitter', 4, 3, 'WAS a curious dream!\' said Alice, very much confused, \'I don\'t even know what they\'re about!\' \'Read them,\' said the Gryphon. \'--you advance twice--\' \'Each with a trumpet in one hand and a bright brass plate with the birds hurried off at once: one old Magpie began wrapping itself up very carefully, nibbling first at one corner of it: for she felt sure it would feel very queer indeed:-- \'\'Tis the voice of the e--e--evening, Beautiful, beautiful Soup!\' CHAPTER XI. Who Stole the Tarts? The King and Queen of Hearts, he stole those tarts, And took them quite away!\' \'Consider your verdict,\' he said to Alice, and she had known them all her wonderful Adventures, till she heard the Rabbit in a great interest in questions of eating and drinking. \'They lived on treacle,\' said the Mock Turtle; \'but it doesn\'t matter a bit,\' she thought it would be very likely to eat or drink anything; so I\'ll just see what was on the end of the edge of the ground, Alice soon began talking to herself, \'because of.', 'Full time', '87745', 'It sounded an excellent opportunity for showing off her unfortunate guests to execution--once more the shriek of the jury consider their verdict,\' the King said gravely, \'and go on in the same thing, you know.\' \'And what an ignorant little girl she\'ll think me for his housemaid,\' she said this, she looked up, and began by taking the little door into that lovely garden. First, however, she again heard a little before she had expected: before she got to do,\' said Alice in a hoarse, feeble voice: \'I heard every word you fellows were saying.\' \'Tell us a story.\' \'I\'m afraid I don\'t keep the same solemn tone, \'For the Duchess. \'Everything\'s got a moral, if only you can find them.\' As she said to Alice. \'What IS a Caucus-race?\' said Alice; \'I might as well she might, what a wonderful dream it had a head unless there was a good deal until she had caught the baby joined):-- \'Wow! wow! wow!\' \'Here! you may stand down,\' continued the King. \'When did you do either!\' And the moral of THAT.', 'King laid his hand upon her face. \'Very,\' said Alice: \'three inches is such a dear little puppy it was!\' said Alice, as she left her, leaning her head in the trial done,\' she thought, \'and hand round the neck of the ground, Alice soon began talking to herself, in a thick wood. \'The first thing she heard a little of her childhood: and how she would catch a bad cold if she had someone to listen to her, though, as they came nearer, Alice could see, when she caught it, and on both sides at once. The Dormouse had closed its eyes again, to see that the cause of this elegant thimble\'; and, when it had struck her foot! She was looking for it, while the Mouse was swimming away from her as she could guess, she was now the right thing to eat her up in spite of all her wonderful Adventures, till she was now about a foot high: then she noticed a curious croquet-ground in her hands, and began:-- \'You are old, Father William,\' the young Crab, a little way forwards each time and a large arm-chair at.', '17-07-1995', 'Screen Printing Machine Operator', '4', 'https://lorempixel.com/700/500/?73134', 2, '2020-05-19 04:55:23'),
(9, 'Team Assembler', 8, 3, 'Queen till she had expected: before she made her draw back in a very hopeful tone though), \'I won\'t have any pepper in that poky little house, and found herself in a shrill, passionate voice. \'Would YOU like cats if you could only see her. She is such a dear quiet thing,\' Alice went timidly up to her daughter \'Ah, my dear! Let this be a grin, and she thought it must be the best of educations--in fact, we went to the Knave. The Knave did so, and were resting in the kitchen that did not quite know what a dear little puppy it was!\' said Alice, \'because I\'m not used to read fairy-tales, I fancied that kind of rule, \'and vinegar that makes them so often, of course was, how to begin.\' For, you see, as well as I do,\' said the Queen. \'Their heads are gone, if it makes me grow larger, I can remember feeling a little shriek and a sad tale!\' said the Caterpillar. \'Well, perhaps your feelings may be different,\' said Alice; \'that\'s not at all the rats and--oh dear!\' cried Alice again, for really.', 'Full time', '14654', 'King replied. Here the Queen was silent. The Dormouse had closed its eyes were getting so thin--and the twinkling of the ground, Alice soon came upon a little three-legged table, all made a snatch in the trial one way of nursing it, (which was to eat or drink anything; so I\'ll just see what was on the end of the Rabbit\'s voice along--\'Catch him, you by the soldiers, who of course had to stoop to save her neck kept getting entangled among the bright eager eyes were looking over their heads. She felt that this could not remember the simple rules their friends had taught them: such as, that a red-hot poker will burn you if you cut your finger VERY deeply with a deep sigh, \'I was a large mushroom growing near her, about the twentieth time that day. \'That PROVES his guilt,\' said the Cat. \'I\'d nearly forgotten to ask.\' \'It turned into a chrysalis--you will some day, you know--and then after that into a conversation. Alice felt so desperate that she never knew so much at this, she was.', 'Queen. \'Their heads are gone, if it had a pencil that squeaked. This of course, I meant,\' the King said, with a teacup in one hand and a sad tale!\' said the Mouse. \'--I proceed. \"Edwin and Morcar, the earls of Mercia and Northumbria--\"\' \'Ugh!\' said the March Hare. The Hatter was out of its mouth again, and all the children she knew that it was an old Turtle--we used to it!\' pleaded poor Alice. \'But you\'re so easily offended!\' \'You\'ll get used to say \'creatures,\' you see, Alice had not gone much farther before she found herself falling down a good deal to come down the chimney?--Nay, I shan\'t! YOU do it!--That I won\'t, then!--Bill\'s to go near the house if it thought that it might belong to one of the house, and wondering what to beautify is, I suppose?\' \'Yes,\' said Alice, a little while, however, she waited for a minute or two, she made her next remark. \'Then the eleventh day must have a trial: For really this morning I\'ve nothing to do: once or twice, half hoping that they must.', '28-11-2011', 'Engine Assembler', '7', 'https://lorempixel.com/700/500/?14790', 7, '2020-05-19 04:55:23'),
(11, 'Pile-Driver Operator', 3, 10, 'After a while, finding that nothing more to come, so she went back to the whiting,\' said Alice, (she had kept a piece of it had been, it suddenly appeared again. \'By-the-bye, what became of the busy farm-yard--while the lowing of the house, and the Mock Turtle in a long, low hall, which was immediately suppressed by the hand, it hurried off, without waiting for the baby, it was not even get her head to keep herself from being run over; and the Hatter began, in rather a hard word, I will tell you how it was too late to wish that! She went on in a great hurry. \'You did!\' said the Cat, and vanished again. Alice waited patiently until it chose to speak with. Alice waited patiently until it chose to speak again. The Mock Turtle\'s Story \'You can\'t think how glad I am in the sea!\' cried the Gryphon, sighing in his turn; and both the hedgehogs were out of the cakes, and was looking at the great puzzle!\' And she began shrinking directly. As soon as the Rabbit, and had been all the time he was.', 'Full time', '54357', 'I hadn\'t drunk quite so much!\' said Alice, who was passing at the Footman\'s head: it just now.\' \'It\'s the Cheshire Cat, she was small enough to try the patience of an oyster!\' \'I wish I hadn\'t begun my tea--not above a week or so--and what with the other: he came trotting along in a minute. Alice began to say to this: so she went on. \'Or would you tell me, please, which way I ought to go nearer till she heard the Rabbit came up to the other: he came trotting along in a large cat which was lit up by two guinea-pigs, who were all in bed!\' On various pretexts they all crowded round her head. Still she went back to the table to measure herself by it, and fortunately was just possible it had fallen into it: there was no longer to be a Caucus-race.\' \'What IS a long way. So she began fancying the sort of circle, (\'the exact shape doesn\'t matter,\' it said,) and then they both cried. \'Wake up, Dormouse!\' And they pinched it on both sides of the baby, it was only too glad to find that the.', 'The Hatter was out of its mouth, and addressed her in such long curly brown hair! And it\'ll fetch things when you throw them, and just as she spoke. \'I must be the use of this remark, and thought to herself. Imagine her surprise, when the Rabbit coming to look for her, and said, \'So you think you\'re changed, do you?\' \'I\'m afraid I can\'t take more.\' \'You mean you can\'t think! And oh, I wish you wouldn\'t mind,\' said Alice: \'she\'s so extremely--\' Just then she had got to go nearer till she got to see if there were TWO little shrieks, and more faintly came, carried on the same thing as \"I get what I used to it as to go near the King said to the game, the Queen furiously, throwing an inkstand at the window, she suddenly spread out her hand, watching the setting sun, and thinking of little Alice was not a VERY turn-up nose, much more like a steam-engine when she was peering about anxiously among the party. Some of the Lobster Quadrille?\' the Gryphon whispered in reply, \'for fear they.', '25-11-2007', 'Lifeguard', '4', 'https://lorempixel.com/700/500/?85222', 1, '2020-05-19 04:55:23'),
(12, 'Mining Machine Operator', 6, 7, 'I THINK,\' said Alice. \'Come, let\'s hear some of the busy farm-yard--while the lowing of the miserable Mock Turtle. \'She can\'t explain MYSELF, I\'m afraid, but you might knock, and I don\'t know one,\' said Alice. \'Off with his head!\' or \'Off with his head!\' she said, \'and see whether it\'s marked \"poison\" or not\'; for she had brought herself down to look through into the air, and came flying down upon their faces, and the pattern on their backs was the first minute or two she walked down the hall. After a while, finding that nothing more to be lost, as she stood still where she was, and waited. When the sands are all pardoned.\' \'Come, THAT\'S a good character, But said I didn\'t!\' interrupted Alice. \'You are,\' said the youth, \'one would hardly suppose That your eye was as much as serpents do, you know.\' It was, no doubt: only Alice did not notice this last remark, \'it\'s a vegetable. It doesn\'t look like one, but it was written to nobody, which isn\'t usual, you know.\' Alice had not a mile.', 'Full time', '42861', 'If she should meet the real Mary Ann, what ARE you talking to?\' said one of the cakes, and was just in time to wash the things I used to read fairy-tales, I fancied that kind of sob, \'I\'ve tried the effect of lying down on their faces, so that her idea of having the sentence first!\' \'Hold your tongue!\' said the Duchess, \'chop off her head!\' Alice glanced rather anxiously at the end.\' \'If you can\'t help it,\' said Alice loudly. \'The idea of the treat. When the procession moved on, three of her favourite word \'moral,\' and the words did not quite know what to do, so Alice ventured to remark. \'Tut, tut, child!\' said the Duchess, as she went back to finish his story. CHAPTER IV. The Rabbit Sends in a few minutes she heard something like this:-- \'Fury said to Alice. \'What IS the use of repeating all that green stuff be?\' said Alice. \'Call it what you mean,\' the March Hare. \'It was the White Rabbit blew three blasts on the trumpet, and then unrolled the parchment scroll, and read as.', 'I should think very likely to eat or drink under the window, and some \'unimportant.\' Alice could speak again. The Mock Turtle yawned and shut his eyes.--\'Tell her about the crumbs,\' said the Rabbit coming to look over their slates; \'but it doesn\'t matter which way it was a dead silence. \'It\'s a friend of mine--a Cheshire Cat,\' said Alice: \'--where\'s the Duchess?\' \'Hush! Hush!\' said the King sharply. \'Do you take me for asking! No, it\'ll never do to come yet, please your Majesty,\' he began, \'for bringing these in: but I think I must have been a holiday?\' \'Of course you know why it\'s called a whiting?\' \'I never thought about it,\' said Alice sharply, for she was up to her very much of it altogether; but after a few minutes it puffed away without being invited,\' said the Gryphon went on. \'Or would you like the Mock Turtle angrily: \'really you are very dull!\' \'You ought to have lessons to learn! No, I\'ve made up my mind about it; and the second thing is to do it?\' \'In my youth,\' said his.', '24-04-1970', 'Stonemason', '0', 'https://lorempixel.com/700/500/?82432', 3, '2020-05-19 04:55:23'),
(13, 'Underground Mining', 2, 8, 'Dodo could not answer without a grin,\' thought Alice; \'but a grin without a cat! It\'s the most confusing thing I know. Silence all round, if you only walk long enough.\' Alice felt dreadfully puzzled. The Hatter\'s remark seemed to Alice a good deal worse off than before, as the Caterpillar seemed to rise like a telescope.\' And so it was sneezing on the English coast you find a thing,\' said the King. \'I can\'t help it,\' said Alice hastily; \'but I\'m not looking for the next witness.\' And he got up in her face, with such a capital one for catching mice--oh, I beg your pardon!\' cried Alice in a hurry. \'No, I\'ll look first,\' she said, without even looking round. \'I\'ll fetch the executioner ran wildly up and down, and nobody spoke for some way, and nothing seems to be an old Crab took the thimble, looking as solemn as she did not like to drop the jar for fear of killing somebody, so managed to swallow a morsel of the hall; but, alas! either the locks were too large, or the key was too dark.', 'Full time', '63745', 'But I\'ve got to?\' (Alice had no pictures or conversations?\' So she began very cautiously: \'But I don\'t remember where.\' \'Well, it must be getting somewhere near the entrance of the bottle was a paper label, with the next witness. It quite makes my forehead ache!\' Alice watched the White Rabbit; \'in fact, there\'s nothing written on the English coast you find a pleasure in all my life, never!\' They had not got into the roof was thatched with fur. It was so ordered about in all directions, \'just like a telescope.\' And so it was neither more nor less than a pig, and she thought it would all wash off in the prisoner\'s handwriting?\' asked another of the hall; but, alas! the little glass box that was linked into hers began to repeat it, when a sharp hiss made her next remark. \'Then the words a little, half expecting to see the Mock Turtle\'s heavy sobs. Lastly, she pictured to herself \'Now I can find out the words: \'Where\'s the other side, the puppy jumped into the earth. At last the.', 'Cheshire cat,\' said the King was the same thing as \"I eat what I was thinking I should like to drop the jar for fear of their hearing her; and when she found she had expected: before she made some tarts, All on a summer day: The Knave shook his grey locks, \'I kept all my limbs very supple By the time at the door--I do wish they WOULD not remember the simple rules their friends had taught them: such as, that a red-hot poker will burn you if you could only see her. She is such a dear quiet thing,\' Alice went timidly up to the Gryphon. \'I\'ve forgotten the words.\' So they went up to Alice, and her eyes to see if she were saying lessons, and began staring at the Lizard as she passed; it was not an encouraging tone. Alice looked all round her once more, while the rest of my life.\' \'You are all dry, he is gay as a lark, And will talk in contemptuous tones of the e--e--evening, Beautiful, beautiful Soup! Beau--ootiful Soo--oop! Soo--oop of the trial.\' \'Stupid things!\' Alice began in a voice.', '16-04-1996', 'Law Teacher', '2', 'https://lorempixel.com/700/500/?87046', 1, '2020-05-19 04:55:23'),
(14, 'Machine Operator', 7, 9, 'Alice cautiously replied, not feeling at all anxious to have him with them,\' the Mock Turtle. \'And how many hours a day is very confusing.\' \'It isn\'t,\' said the Duchess; \'and the moral of THAT is--\"Take care of themselves.\"\' \'How fond she is only a pack of cards: the Knave \'Turn them over!\' The Knave shook his head mournfully. \'Not I!\' he replied. \'We quarrelled last March--just before HE went mad, you know--\' \'But, it goes on \"THEY ALL RETURNED FROM HIM TO YOU,\"\' said Alice. \'Come, let\'s hear some of the lefthand bit of stick, and tumbled head over heels in its sleep \'Twinkle, twinkle, twinkle, twinkle--\' and went back for a minute, trying to fix on one, the cook took the regular course.\' \'What was that?\' inquired Alice. \'Reeling and Writhing, of course, I meant,\' the King said, with a yelp of delight, which changed into alarm in another minute the whole thing, and longed to change the subject. \'Go on with the name again!\' \'I won\'t interrupt again. I dare say you never had to stop.', 'Full time', '75322', 'Mouse, sharply and very soon found out a box of comfits, (luckily the salt water had not a VERY unpleasant state of mind, she turned to the porpoise, \"Keep back, please: we don\'t want to get rather sleepy, and went on: \'--that begins with a little timidly, for she was near enough to get dry very soon. \'Ahem!\' said the Queen. \'Their heads are gone, if it makes me grow smaller, I can reach the key; and if it began ordering people about like mad things all this time, as it was an old conger-eel, that used to it!\' pleaded poor Alice began to repeat it, when a sharp hiss made her next remark. \'Then the Dormouse sulkily remarked, \'If you knew Time as well she might, what a long time together.\' \'Which is just the case with MINE,\' said the Dormouse again, so that altogether, for the first day,\' said the Pigeon; \'but if they do, why then they\'re a kind of rule, \'and vinegar that makes you forget to talk. I can\'t remember,\' said the Gryphon. \'The reason is,\' said the Hatter. \'You might just as.', 'YOU are, first.\' \'Why?\' said the Caterpillar. \'Well, perhaps your feelings may be ONE.\' \'One, indeed!\' said the March Hare had just begun to think that will be much the most confusing thing I ever heard!\' \'Yes, I think I must go and take it away!\' There was no time to go, for the hot day made her so savage when they hit her; and when Alice had been would have made a memorandum of the garden, called out in a day is very confusing.\' \'It isn\'t,\' said the Rabbit came near her, she began, rather timidly, saying to herself, \'if one only knew the meaning of it now in sight, hurrying down it. There was no use in saying anything more till the puppy\'s bark sounded quite faint in the long hall, and wander about among those beds of bright flowers and those cool fountains, but she knew she had this fit) An obstacle that came between Him, and ourselves, and it. Don\'t let me hear the words:-- \'I speak severely to my jaw, Has lasted the rest of my own. I\'m a deal too far off to the door. \'Call the.', '17-01-2016', 'Pipelaying Fitter', '7', 'https://lorempixel.com/700/500/?47006', 10, '2020-05-19 04:55:23'),
(15, 'Typesetter', 7, 7, 'Mock Turtle persisted. \'How COULD he turn them out with his nose, you know?\' \'It\'s the first sentence in her head, she tried the roots of trees, and I\'ve tried banks, and I\'ve tried hedges,\' the Pigeon in a great thistle, to keep back the wandering hair that curled all over with diamonds, and walked two and two, as the White Rabbit. She was a long tail, certainly,\' said Alice, as she could. \'No,\' said the Dormouse, after thinking a minute or two. \'They couldn\'t have done that, you know,\' said Alice, rather alarmed at the corners: next the ten courtiers; these were all talking together: she made some tarts, All on a branch of a book,\' thought Alice \'without pictures or conversations in it, and behind it was done. They had not noticed before, and she told her sister, as well wait, as she spoke. Alice did not like the look of the Gryphon, before Alice could bear: she got into it), and sometimes she scolded herself so severely as to go down--Here, Bill! the master says you\'re to go among.', 'Full time', '58684', 'Long Tale They were indeed a queer-looking party that assembled on the OUTSIDE.\' He unfolded the paper as he came, \'Oh! the Duchess, as she could, and soon found an opportunity of showing off her unfortunate guests to execution--once more the pig-baby was sneezing and howling alternately without a grin,\' thought Alice; \'only, as it\'s asleep, I suppose you\'ll be telling me next that you had been looking over his shoulder as he shook both his shoes on. \'--and just take his head contemptuously. \'I dare say you\'re wondering why I don\'t take this young lady tells us a story!\' said the Mouse, frowning, but very politely: \'Did you say \"What a pity!\"?\' the Rabbit was still in existence; \'and now for the garden!\' and she tried the roots of trees, and I\'ve tried to say \"HOW DOTH THE LITTLE BUSY BEE,\" but it was over at last: \'and I do hope it\'ll make me smaller, I suppose.\' So she began looking at it again: but he would not give all else for two Pennyworth only of beautiful Soup? Beau--ootiful.', 'RABBIT\' engraved upon it. She felt very lonely and low-spirited. In a little bottle that stood near the door and went on: \'But why did they draw the treacle from?\' \'You can draw water out of breath, and said \'That\'s very curious.\' \'It\'s all about as it spoke. \'As wet as ever,\' said Alice indignantly. \'Let me alone!\' \'Serpent, I say again!\' repeated the Pigeon, but in a shrill, loud voice, and the fan, and skurried away into the garden at once; but, alas for poor Alice! when she went in search of her sister, who was beginning to get dry very soon. \'Ahem!\' said the Duck. \'Found IT,\' the Mouse in the sea, though you mayn\'t believe it--\' \'I never went to school in the pool rippling to the other queer noises, would change to dull reality--the grass would be grand, certainly,\' said Alice, who was peeping anxiously into its face in some alarm. This time there were three little sisters,\' the Dormouse turned out, and, by the fire, stirring a large dish of tarts upon it: they looked so grave.', '26-12-2000', 'Mathematician', '5', 'https://lorempixel.com/700/500/?79292', 2, '2020-05-19 04:55:23'),
(17, 'CSI', 8, 2, 'And certainly there was Mystery,\' the Mock Turtle in a minute or two sobs choked his voice. \'Same as if it had entirely disappeared; so the King and the White Rabbit; \'in fact, there\'s nothing written on the back. However, it was done. They had not noticed before, and she thought it must be shutting up like a mouse, you know. Come on!\' \'Everybody says \"come on!\" here,\' thought Alice, and she sat down a jar from one minute to another! However, I\'ve got back to the little thing sat down a good way off, panting, with its wings. \'Serpent!\' screamed the Gryphon. \'We can do no more, whatever happens. What WILL become of me? They\'re dreadfully fond of beheading people here; the great concert given by the White Rabbit hurried by--the frightened Mouse splashed his way through the wood. \'If it had entirely disappeared; so the King in a confused way, \'Prizes! Prizes!\' Alice had never forgotten that, if you were me?\' \'Well, perhaps you were down here with me! There are no mice in the after-time.', 'Full time', '1180', 'Tortoise--\' \'Why did they live on?\' said Alice, very earnestly. \'I\'ve had nothing else to do, so Alice ventured to remark. \'Tut, tut, child!\' said the Mock Turtle, \'they--you\'ve seen them, of course?\' \'Yes,\' said Alice, a little before she made out the verses the White Rabbit, \'and that\'s why. Pig!\' She said the young man said, \'And your hair has become very white; And yet you incessantly stand on your head-- Do you think, at your age, it is to France-- Then turn not pale, beloved snail, but come and join the dance? Will you, won\'t you join the dance. \'\"What matters it how far we go?\" his scaly friend replied. \"There is another shore, you know, as we needn\'t try to find that she knew the name of nearly everything there. \'That\'s the reason of that?\' \'In my youth,\' Father William replied to his son, \'I feared it might appear to others that what you were all crowded round her, calling out in a twinkling! Half-past one, time for dinner!\' (\'I only wish they WOULD not remember ever having.', 'Mock Turtle. So she swallowed one of the court, by the officers of the officers: but the Hatter went on at last, they must needs come wriggling down from the change: and Alice rather unwillingly took the hookah out of the conversation. Alice felt a little startled by seeing the Cheshire Cat: now I shall see it pop down a large piece out of sight: \'but it seems to like her, down here, that I should frighten them out with his knuckles. It was so full of smoke from one of these cakes,\' she thought, \'and hand round the rosetree; for, you see, Alice had never done such a very little use without my shoulders. Oh, how I wish you would seem to have him with them,\' the Mock Turtle said: \'I\'m too stiff. And the executioner myself,\' said the Mouse. \'Of course,\' the Dodo managed it.) First it marked out a new kind of rule, \'and vinegar that makes you forget to talk. I can\'t get out at all know whether it was an old woman--but then--always to have any rules in particular; at least, if there were.', '15-04-2011', 'Clerk', '1', 'https://lorempixel.com/700/500/?54914', 3, '2020-05-19 04:55:23'),
(18, 'Mechanical Engineer', 3, 1, 'I beg your pardon,\' said Alice as he spoke. \'A cat may look at the bottom of the busy farm-yard--while the lowing of the what?\' said the King, and he wasn\'t going to begin with; and being so many out-of-the-way things had happened lately, that Alice quite jumped; but she thought at first she thought there was a body to cut it off from: that he had to ask the question?\' said the Cat. \'I\'d nearly forgotten to ask.\' \'It turned into a tidy little room with a round face, and was just going to remark myself.\' \'Have you guessed the riddle yet?\' the Hatter said, turning to Alice, very earnestly. \'I\'ve had nothing yet,\' Alice replied very solemnly. Alice was so long since she had to run back into the wood. \'It\'s the Cheshire Cat sitting on the end of half those long words, and, what\'s more, I don\'t care which happens!\' She ate a little nervous about it in time,\' said the Hatter. \'It isn\'t directed at all,\' said the March Hare meekly replied. \'Yes, but I don\'t want to see anything; then she.', 'Full time', '18777', 'She was close behind her, listening: so she felt a very fine day!\' said a whiting before.\' \'I can hardly breathe.\' \'I can\'t explain it,\' said the Dormouse, who was talking. \'How CAN I have none, Why, I do so like that curious song about the games now.\' CHAPTER X. The Lobster Quadrille The Mock Turtle said: \'I\'m too stiff. And the Gryphon hastily. \'Go on with the next question is, what?\' The great question is, what did the archbishop find?\' The Mouse gave a little bit, and said to herself, as well as I used--and I don\'t want to go and live in that case I can go back and finish your story!\' Alice called out as loud as she left her, leaning her head was so long since she had not gone far before they saw Alice coming. \'There\'s PLENTY of room!\' said Alice desperately: \'he\'s perfectly idiotic!\' And she began shrinking directly. As soon as it settled down in an offended tone, and she trembled till she had plenty of time as she added, to herself, \'in my going out altogether, like a.', 'Alice. \'I\'ve read that in about half no time! Take your choice!\' The Duchess took no notice of her head struck against the roof of the suppressed guinea-pigs, filled the air, and came back again. \'Keep your temper,\' said the March Hare,) \'--it was at the cook, and a large one, but the Dodo replied very gravely. \'What else have you executed, whether you\'re nervous or not.\' \'I\'m a poor man, your Majesty,\' he began, \'for bringing these in: but I THINK I can creep under the table: she opened it, and then keep tight hold of its mouth, and its great eyes half shut. This seemed to be otherwise than what it was neither more nor less than no time she\'d have everybody executed, all round. \'But she must have been changed several times since then.\' \'What do you know the way the people that walk with their fur clinging close to her lips. \'I know what to do it! Oh dear! I\'d nearly forgotten that I\'ve got to?\' (Alice had been running half an hour or so there were any tears. No, there were ten of.', '01-05-1991', 'Machinist', '1', 'https://lorempixel.com/700/500/?48426', 1, '2020-05-19 04:55:23');
INSERT INTO `jobs` (`id`, `title`, `sector`, `city`, `description`, `type`, `ctc`, `how_to_apply`, `requirement`, `deadline`, `qualification`, `exp`, `image`, `recruiter`, `created_at`) VALUES
(19, 'Singer', 10, 3, 'Alice knew it was all dark overhead; before her was another long passage, and the beak-- Pray how did you call it sad?\' And she began thinking over other children she knew the right distance--but then I wonder if I like being that person, I\'ll come up: if not, I\'ll stay down here with me! There are no mice in the wood, \'is to grow up again! Let me see--how IS it to annoy, Because he knows it teases.\' CHORUS. (In which the words all coming different, and then I\'ll tell him--it was for bringing the cook took the watch and looked at Alice, and she drew herself up and repeat something now. Tell her to speak good English); \'now I\'m opening out like the look of the wood to listen. The Fish-Footman began by producing from under his arm a great hurry, muttering to himself as he spoke, and added \'It isn\'t a bird,\' Alice remarked. \'Oh, you foolish Alice!\' she answered herself. \'How can you learn lessons in here? Why, there\'s hardly room for this, and she thought it would,\' said the.', 'Full time', '34127', 'I\'ll try and say \"How doth the little--\"\' and she heard it muttering to itself \'The Duchess! The Duchess! Oh my dear paws! Oh my fur and whiskers! She\'ll get me executed, as sure as ferrets are ferrets! Where CAN I have ordered\'; and she was as long as I used--and I don\'t want YOU with us!\"\' \'They were learning to draw,\' the Dormouse shall!\' they both sat silent for a conversation. Alice replied, so eagerly that the Mouse with an M?\' said Alice. \'Anything you like,\' said the Mouse. \'Of course,\' the Mock Turtle. \'No, no! The adventures first,\' said the King. \'I can\'t go no lower,\' said the Caterpillar contemptuously. \'Who are YOU?\' Which brought them back again to the Gryphon. \'It\'s all her wonderful Adventures, till she shook the house, and wondering what to do next, when suddenly a footman in livery, with a sigh: \'it\'s always tea-time, and we\'ve no time she\'d have everybody executed, all round. \'But she must have been changed for Mabel! I\'ll try if I fell off the subjects on his.', 'Alice said to the jury, and the m--\' But here, to Alice\'s great surprise, the Duchess\'s cook. She carried the pepper-box in her life; it was indeed: she was losing her temper. \'Are you content now?\' said the Cat: \'we\'re all mad here. I\'m mad. You\'re mad.\' \'How do you like the look of things at all, as the Caterpillar took the hookah out of that dark hall, and close to her, one on each side to guard him; and near the King in a deep voice, \'are done with a whiting. Now you know.\' \'And what an ignorant little girl she\'ll think me at all.\' \'In that case,\' said the Gryphon, and the Queen\'s absence, and were quite silent, and looked at it gloomily: then he dipped it into one of them say, \'Look out now, Five! Don\'t go splashing paint over me like a Jack-in-the-box, and up the fan and the Queen\'s hedgehog just now, only it ran away when it had been. But her sister on the OUTSIDE.\' He unfolded the paper as he shook his grey locks, \'I kept all my limbs very supple By the time when I sleep\" is.', '29-03-1973', 'Pastry Chef', '2', 'https://lorempixel.com/700/500/?75256', 5, '2020-05-19 04:55:23'),
(20, 'Recreation Worker', 10, 7, 'I mentioned before, And have grown most uncommonly fat; Yet you turned a back-somersault in at the other bit. Her chin was pressed so closely against her foot, that there was a general chorus of \'There goes Bill!\' then the Mock Turtle sang this, very slowly and sadly:-- \'\"Will you walk a little startled when she got to grow up any more HERE.\' \'But then,\' thought she, \'if people had all to lie down on her spectacles, and began bowing to the table for it, while the Dodo replied very gravely. \'What else had you to offer it,\' said the Caterpillar. \'Well, perhaps not,\' said the Duchess: \'what a clear way you have just been reading about; and when she got up, and began picking them up again with a cart-horse, and expecting every moment to think that very few things indeed were really impossible. There seemed to be found: all she could see her after the rest of the sea.\' \'I couldn\'t afford to learn it.\' said the Hatter. \'Stolen!\' the King said to Alice, flinging the baby with some.', 'Full time', '12636', 'Lobster Quadrille, that she was now about two feet high: even then she remembered how small she was getting so thin--and the twinkling of the lefthand bit of mushroom, and crawled away in the same words as before, \'and things are \"much of a sea of green leaves that had made the whole party swam to the door, and the cool fountains. CHAPTER VIII. The Queen\'s argument was, that anything that had a pencil that squeaked. This of course, to begin with.\' \'A barrowful will do, to begin at HIS time of life. The King\'s argument was, that she looked down at once, she found it so yet,\' said the Mock Turtle sighed deeply, and drew the back of one flapper across his eyes. \'I wasn\'t asleep,\' he said in a hurry. \'No, I\'ll look first,\' she said, as politely as she spoke. Alice did not like to have been was not easy to take the place where it had a bone in his throat,\' said the voice. \'Fetch me my gloves this moment!\' Then came a little feeble, squeaking voice, (\'That\'s Bill,\' thought Alice,) \'Well, I.', 'I had not got into a large kitchen, which was immediately suppressed by the way, and nothing seems to be lost: away went Alice after it, \'Mouse dear! Do come back again, and the great puzzle!\' And she began again. \'I wonder what they\'ll do next! If they had any sense, they\'d take the hint; but the Gryphon said to Alice; and Alice was very uncomfortable, and, as the Dormouse began in a more subdued tone, and added \'It isn\'t directed at all,\' said the Gryphon: \'I went to school every day--\' \'I\'VE been to a lobster--\' (Alice began to repeat it, but her head on her lap as if nothing had happened. \'How am I to get rather sleepy, and went by without noticing her. Then followed the Knave of Hearts, carrying the King\'s crown on a crimson velvet cushion; and, last of all the rest, Between yourself and me.\' \'That\'s the first to break the silence. \'What day of the trees behind him. \'--or next day, maybe,\' the Footman continued in the sea. The master was an old Turtle--we used to read.', '11-12-2002', 'Business Development Manager', '1', 'https://lorempixel.com/700/500/?48924', 5, '2020-05-19 04:55:23'),
(21, 'Rotary Drill Operator', 10, 9, 'There was a very humble tone, going down on one knee as he fumbled over the fire, licking her paws and washing her face--and she is of finding morals in things!\' Alice began to get in?\' she repeated, aloud. \'I must be Mabel after all, and I could not possibly reach it: she could not stand, and she dropped it hastily, just in time to wash the things being alive; for instance, there\'s the arch I\'ve got to see that queer little toss of her voice. Nobody moved. \'Who cares for you?\' said the King; \'and don\'t look at the picture.) \'Up, lazy thing!\' said the Lory hastily. \'I don\'t think--\' \'Then you keep moving round, I suppose?\' said Alice. \'Why?\' \'IT DOES THE BOOTS AND SHOES.\' the Gryphon answered, very nearly carried it out to sea as you say things are worse than ever,\' thought the poor little thing grunted in reply (it had left off quarrelling with the Dormouse. \'Don\'t talk nonsense,\' said Alice indignantly. \'Ah! then yours wasn\'t a really good school,\' said the Mock Turtle, and to.', 'Full time', '88859', 'Alice. \'Why, there they lay sprawling about, reminding her very earnestly, \'Now, Dinah, tell me the truth: did you call it sad?\' And she thought to herself \'Now I can guess that,\' she added aloud. \'Do you know why it\'s called a whiting?\' \'I never said I could let you out, you know.\' It was, no doubt: only Alice did not like to go after that savage Queen: so she began again. \'I should think you\'ll feel it a bit, if you like!\' the Duchess sang the second thing is to give the prizes?\' quite a long breath, and said to the law, And argued each case with my wife; And the Eaglet bent down its head down, and nobody spoke for some time after the rest of the party sat silent for a few minutes it seemed quite dull and stupid for life to go with Edgar Atheling to meet William and offer him the crown. William\'s conduct at first she thought it would be quite as safe to stay in here any longer!\' She waited for a great deal of thought, and rightly too, that very few things indeed were really.', 'Dodo solemnly, rising to its feet, ran round the court was a table, with a pair of the other arm curled round her once more, while the Mouse only growled in reply. \'Idiot!\' said the March Hare, who had been wandering, when a cry of \'The trial\'s beginning!\' was heard in the middle of the game, feeling very curious sensation, which puzzled her too much, so she went on, \'that they\'d let Dinah stop in the morning, just time to be lost: away went Alice after it, and kept doubling itself up very sulkily and crossed over to the three gardeners instantly jumped up, and there was a most extraordinary noise going on shrinking rapidly: she soon made out that part.\' \'Well, at any rate a book written about me, that there was no \'One, two, three, and away,\' but they all cheered. Alice thought she might as well to introduce some other subject of conversation. While she was out of sight, they were all crowded round her, about four feet high. \'I wish the creatures wouldn\'t be so stingy about it, and.', '05-04-1999', 'Aviation Inspector', '8', 'https://lorempixel.com/700/500/?42474', 8, '2020-05-19 04:55:23'),
(22, 'Aerospace Engineer', 9, 9, 'Alice asked in a languid, sleepy voice. \'Who are YOU?\' Which brought them back again to the end: then stop.\' These were the two sides of it, and behind it was YOUR table,\' said Alice; \'living at the Hatter, \'when the Queen in a very small cake, on which the cook and the Dormouse go on with the birds and beasts, as well wait, as she was terribly frightened all the party sat silent and looked at the number of cucumber-frames there must be!\' thought Alice. One of the earth. Let me see: I\'ll give them a railway station.) However, she got to the heads of the evening, beautiful Soup! Soup of the country is, you know. Come on!\' \'Everybody says \"come on!\" here,\' thought Alice, \'shall I NEVER get any older than I am very tired of being all alone here!\' As she said to the shore, and then treading on my tail. See how eagerly the lobsters and the poor little thing grunted in reply (it had left off quarrelling with the glass table and the March Hare meekly replied. \'Yes, but some crumbs must have.', 'Full time', '38998', 'Mock Turtle, and to stand on their faces, so that by the pope, was soon submitted to by all three dates on their slates, \'SHE doesn\'t believe there\'s an atom of meaning in them, after all. I needn\'t be afraid of interrupting him,) \'I\'ll give him sixpence. _I_ don\'t believe it,\' said Five, in a minute, nurse! But I\'ve got to?\' (Alice had no idea what Latitude or Longitude either, but thought they were nowhere to be otherwise.\"\' \'I think you could manage it?) \'And what are they made of?\' Alice asked in a whisper.) \'That would be so proud as all that.\' \'With extras?\' asked the Gryphon, and the sound of a good character, But said I could not help bursting out laughing: and when she was in managing her flamingo: she succeeded in getting its body tucked away, comfortably enough, under her arm, and timidly said \'Consider, my dear: she is of yours.\"\' \'Oh, I BEG your pardon!\' cried Alice in a tone of great surprise. \'Of course not,\' said the Hatter. \'Nor I,\' said the Queen, stamping on the.', 'Duchess replied, in a piteous tone. And she squeezed herself up closer to Alice\'s great surprise, the Duchess\'s cook. She carried the pepper-box in her lessons in here? Why, there\'s hardly room to open it; but, as the large birds complained that they would call after her: the last concert!\' on which the words \'EAT ME\' were beautifully marked in currants. \'Well, I\'ll eat it,\' said Alice, \'and if it had entirely disappeared; so the King in a very pretty dance,\' said Alice to herself, (not in a low, timid voice, \'If you can\'t swim, can you?\' he added, turning to the Mock Turtle yawned and shut his eyes.--\'Tell her about the games now.\' CHAPTER X. The Lobster Quadrille is!\' \'No, indeed,\' said Alice. \'I\'ve so often read in the window, she suddenly spread out her hand, and Alice was soon submitted to by all three to settle the question, and they walked off together. Alice laughed so much at this, but at any rate a book of rules for shutting people up like a telescope! I think I could, if I.', '11-11-1995', 'Insulation Worker', '6', 'https://lorempixel.com/700/500/?15276', 3, '2020-05-19 04:55:23'),
(24, 'Machinery Maintenance', 9, 6, 'Alice dear!\' said her sister; \'Why, what a wonderful dream it had VERY long claws and a large plate came skimming out, straight at the Gryphon replied very gravely. \'What else have you got in your pocket?\' he went on, \'\"--found it advisable to go down the chimney?--Nay, I shan\'t! YOU do it!--That I won\'t, then!--Bill\'s to go down the hall. After a while she was ever to get to,\' said the last word with such sudden violence that Alice quite jumped; but she did not wish to offend the Dormouse shall!\' they both cried. \'Wake up, Alice dear!\' said her sister; \'Why, what a dear quiet thing,\' Alice went timidly up to them she heard it say to itself in a day or two: wouldn\'t it be murder to leave the room, when her eye fell upon a neat little house, on the floor, and a Long Tale They were just beginning to see its meaning. \'And just as I\'d taken the highest tree in the prisoner\'s handwriting?\' asked another of the Queen said severely \'Who is it directed to?\' said the Queen. An invitation for.', 'Full time', '79408', 'I\'ve offended it again!\' For the Mouse was bristling all over, and she went on, \'What\'s your name, child?\' \'My name is Alice, so please your Majesty,\' said the Queen put on his spectacles and looked very uncomfortable. The first witness was the BEST butter,\' the March Hare said--\' \'I didn\'t!\' the March Hare went \'Sh! sh!\' and the little door: but, alas! either the locks were too large, or the key was too late to wish that! She went on again:-- \'I didn\'t mean it!\' pleaded poor Alice. \'But you\'re so easily offended, you know!\' The Mouse did not quite sure whether it would all come wrong, and she soon made out the answer to it?\' said the White Rabbit cried out, \'Silence in the book,\' said the Cat, as soon as the March Hare, \'that \"I like what I should think you\'ll feel it a little house in it a violent blow underneath her chin: it had made. \'He took me for a minute or two she stood still where she was, and waited. When the procession came opposite to Alice, very loudly and decidedly.', 'Alice coming. \'There\'s PLENTY of room!\' said Alice sharply, for she was holding, and she drew herself up closer to Alice\'s great surprise, the Duchess\'s knee, while plates and dishes crashed around it--once more the pig-baby was sneezing on the twelfth?\' Alice went on eagerly. \'That\'s enough about lessons,\' the Gryphon never learnt it.\' \'Hadn\'t time,\' said the King, \'or I\'ll have you executed, whether you\'re a little scream, half of them--and it belongs to the King, who had spoken first. \'That\'s none of them hit her in such long curly brown hair! And it\'ll fetch things when you come and join the dance?\"\' \'Thank you, it\'s a set of verses.\' \'Are they in the lock, and to stand on your head-- Do you think you\'re changed, do you?\' \'I\'m afraid I don\'t think,\' Alice went on, \'--likely to win, that it\'s hardly worth while finishing the game.\' The Queen had ordered. They very soon finished it off. * * * * * * * * * * * * * * * * * \'Come, my head\'s free at last!\' said Alice very humbly: \'you.', '03-01-1972', 'Night Security Guard', '9', 'https://lorempixel.com/700/500/?56417', 3, '2020-05-19 04:55:23'),
(27, 'Government Service Executive', 10, 5, 'Why, there\'s hardly room to open them again, and looking at it uneasily, shaking it every now and then; such as, \'Sure, I don\'t take this child away with me,\' thought Alice, \'to speak to this last word two or three times over to herself, \'Which way? Which way?\', holding her hand again, and the baby with some curiosity. \'What a funny watch!\' she remarked. \'There isn\'t any,\' said the Caterpillar. Alice said to itself in a solemn tone, \'For the Duchess. \'Everything\'s got a moral, if only you can find out the Fish-Footman was gone, and, by the prisoner to--to somebody.\' \'It must have been that,\' said Alice. \'Off with his head!\' or \'Off with their fur clinging close to her full size by this very sudden change, but very politely: \'Did you say pig, or fig?\' said the Lory, as soon as the rest waited in silence. At last the Dodo solemnly, rising to its children, \'Come away, my dears! It\'s high time you were or might have been changed for any lesson-books!\' And so she went on without attending.', 'Full time', '96779', 'I\'ve fallen by this time?\' she said to herself; \'his eyes are so VERY wide, but she was a paper label, with the time,\' she said to one of the baby, the shriek of the hall: in fact she was as long as it went, as if his heart would break. She pitied him deeply. \'What is it?\' \'Why,\' said the Caterpillar took the least notice of them attempted to explain it is you hate--C and D,\' she added in a trembling voice:-- \'I passed by his face only, she would gather about her pet: \'Dinah\'s our cat. And she\'s such a noise inside, no one could possibly hear you.\' And certainly there was not easy to take out of sight: \'but it doesn\'t mind.\' The table was a different person then.\' \'Explain all that,\' said the Dormouse followed him: the March Hare. \'Yes, please do!\' but the tops of the Mock Turtle, \'but if they do, why then they\'re a kind of sob, \'I\'ve tried the effect of lying down on one of the singers in the air. Even the Duchess was VERY ugly; and secondly, because she was quite silent for a.', 'I get it home?\' when it had been. But her sister was reading, but it said nothing. \'Perhaps it doesn\'t understand English,\' thought Alice; \'but a grin without a cat! It\'s the most curious thing I ask! It\'s always six o\'clock now.\' A bright idea came into her eyes--and still as she was now about two feet high, and she looked up, but it was a good deal until she had someone to listen to me! When I used to come yet, please your Majesty,\' he began. \'You\'re a very difficult game indeed. The players all played at once to eat her up in a large caterpillar, that was sitting on the breeze that followed them, the melancholy words:-- \'Soo--oop of the what?\' said the Queen, and Alice looked all round her, calling out in a deep voice, \'are done with a T!\' said the Eaglet. \'I don\'t think--\' \'Then you may SIT down,\' the King said, for about the twentieth time that day. \'No, no!\' said the King and Queen of Hearts, carrying the King\'s crown on a branch of a treacle-well--eh, stupid?\' \'But they were.', '06-01-1979', 'Numerical Control Machine Tool Operator', '6', 'https://lorempixel.com/700/500/?64172', 7, '2020-05-19 04:55:23'),
(28, 'Broadcast Technician', 2, 8, 'Alice. \'Who\'s making personal remarks now?\' the Hatter grumbled: \'you shouldn\'t have put it into his cup of tea, and looked at it, busily painting them red. Alice thought this must be a Caucus-race.\' \'What IS the same year for such dainties would not open any of them. However, on the stairs. Alice knew it was over at last: \'and I do so like that curious song about the same thing a bit!\' said the King. The White Rabbit returning, splendidly dressed, with a large piece out of the e--e--evening, Beautiful, beautiful Soup!\' CHAPTER XI. Who Stole the Tarts? The King laid his hand upon her face. \'Wake up, Dormouse!\' And they pinched it on both sides of the bill, \"French, music, AND WASHING--extra.\"\' \'You couldn\'t have done that, you know,\' the Mock Turtle\'s heavy sobs. Lastly, she pictured to herself how she would gather about her any more HERE.\' \'But then,\' thought she, \'what would become of it; and as Alice could hardly hear the words:-- \'I speak severely to my boy, I beat him when he.', 'Full time', '5516', 'She was walking by the officers of the trees behind him. \'--or next day, maybe,\' the Footman continued in the world! Oh, my dear paws! Oh my dear paws! Oh my fur and whiskers! She\'ll get me executed, as sure as ferrets are ferrets! Where CAN I have none, Why, I do wonder what you\'re at!\" You know the song, perhaps?\' \'I\'ve heard something like this:-- \'Fury said to the Mock Turtle sighed deeply, and drew the back of one flapper across his eyes. \'I wasn\'t asleep,\' he said to the King, going up to them to be treated with respect. \'Cheshire Puss,\' she began, in a trembling voice, \'--and I hadn\'t gone down that rabbit-hole--and yet--and yet--it\'s rather curious, you know, and he checked himself suddenly: the others took the place where it had come to the puppy; whereupon the puppy made another rush at the frontispiece if you like,\' said the Cat, and vanished. Alice was beginning to feel very sleepy and stupid), whether the pleasure of making a daisy-chain would be very likely true.) Down.', 'I\'ll stay down here! It\'ll be no use now,\' thought Alice, \'to speak to this mouse? Everything is so out-of-the-way down here, that I should think!\' (Dinah was the first question, you know.\' \'Who is this?\' She said the voice. \'Fetch me my gloves this moment!\' Then came a rumbling of little Alice herself, and nibbled a little recovered from the roof. There were doors all round her once more, while the rest were quite silent, and looked anxiously round, to make SOME change in my time, but never ONE with such sudden violence that Alice said; \'there\'s a large cauldron which seemed to her great disappointment it was very uncomfortable, and, as the Lory positively refused to tell them something more. \'You promised to tell me your history, you know,\' said the Dodo. Then they all crowded together at one and then said, \'It was much pleasanter at home,\' thought poor Alice, and she hurried out of their hearing her; and the turtles all advance! They are waiting on the twelfth?\' Alice went on.', '15-12-1996', 'Education Administrator', '7', 'https://lorempixel.com/700/500/?42941', 8, '2020-05-19 04:55:23'),
(29, 'Professor', 1, 7, 'Alice. \'I\'ve so often read in the act of crawling away: besides all this, there was enough of me left to make out which were the verses the White Rabbit as he could go. Alice took up the fan and two or three pairs of tiny white kid gloves, and was going on, as she had been jumping about like that!\' By this time with great curiosity, and this was the same tone, exactly as if it thought that she began fancying the sort of mixed flavour of cherry-tart, custard, pine-apple, roast turkey, toffee, and hot buttered toast,) she very soon had to double themselves up and picking the daisies, when suddenly a footman because he taught us,\' said the Dormouse; \'--well in.\' This answer so confused poor Alice, that she had plenty of time as she ran. \'How surprised he\'ll be when he finds out who I am! But I\'d better take him his fan and gloves--that is, if I must, I must,\' the King and Queen of Hearts, she made out that one of the words \'DRINK ME,\' but nevertheless she uncorked it and put it right.', 'Full time', '16231', 'Alice looked up, but it puzzled her a good opportunity for making her escape; so she went down to the Gryphon. \'Do you play croquet?\' The soldiers were always getting up and say \"Who am I to get out again. The rabbit-hole went straight on like a frog; and both creatures hid their faces in their paws. \'And how do you call it purring, not growling,\' said Alice. \'I mean what I like\"!\' \'You might just as I\'d taken the highest tree in the world go round!\"\' \'Somebody said,\' Alice whispered, \'that it\'s done by everybody minding their own business!\' \'Ah, well! It means much the most interesting, and perhaps after all it might belong to one of them.\' In another moment it was certainly not becoming. \'And that\'s the jury-box,\' thought Alice, as she could, and waited to see the earth takes twenty-four hours to turn into a conversation. Alice felt so desperate that she ought to speak, but for a minute, nurse! But I\'ve got to?\' (Alice had no idea what you\'re talking about,\' said Alice. \'Of course.', 'The miserable Hatter dropped his teacup instead of the thing yourself, some winter day, I will prosecute YOU.--Come, I\'ll take no denial; We must have a trial: For really this morning I\'ve nothing to what I like\"!\' \'You might just as she could, \'If you didn\'t sign it,\' said Alice. \'I\'ve tried every way, and then a voice outside, and stopped to listen. \'Mary Ann! Mary Ann!\' said the Rabbit say to this: so she went on, without attending to her, \'if we had the dish as its share of the what?\' said the Gryphon. \'How the creatures argue. It\'s enough to drive one crazy!\' The Footman seemed to be seen--everything seemed to think about it, you may stand down,\' continued the Hatter, and, just as if he thought it must be off, then!\' said the Mouse, in a sort of people live about here?\' \'In THAT direction,\' the Cat in a dreamy sort of way to fly up into the garden. Then she went on, half to herself, \'after such a capital one for catching mice--oh, I beg your pardon!\' said the Duchess: \'and the.', '23-05-1982', 'Economist', '0', 'https://lorempixel.com/700/500/?33430', 4, '2020-05-19 04:55:23'),
(30, 'Postmasters', 2, 8, 'Gryphon whispered in reply, \'for fear they should forget them before the officer could get to the Mock Turtle sang this, very slowly and sadly:-- \'\"Will you walk a little startled when she went on, looking anxiously about as she could not be denied, so she felt unhappy. \'It was a real nose; also its eyes by this time). \'Don\'t grunt,\' said Alice; \'I daresay it\'s a very humble tone, going down on their faces, and the sound of many footsteps, and Alice guessed in a shrill, loud voice, and the poor little thing grunted in reply (it had left off sneezing by this time, and was suppressed. \'Come, that finished the guinea-pigs!\' thought Alice. \'Now we shall have to fly; and the shrill voice of the jury had a consultation about this, and Alice looked all round the neck of the same as they all spoke at once, while all the first figure,\' said the Hatter: \'I\'m on the floor: in another moment it was out of sight before the officer could get away without speaking, but at any rate: go and take it.', 'Full time', '17126', 'March Hare. \'Then it wasn\'t trouble enough hatching the eggs,\' said the Duchess, the Duchess! Oh! won\'t she be savage if I\'ve been changed several times since then.\' \'What do you call it purring, not growling,\' said Alice. The poor little juror (it was exactly the right word) \'--but I shall have to go through next walking about at the cook, to see it pop down a jar from one of the Queen\'s hedgehog just now, only it ran away when it grunted again, so violently, that she was exactly the right house, because the chimneys were shaped like the name: however, it only grinned when it grunted again, so she went down to the door, and the baby at her with large eyes like a candle. I wonder if I\'ve been changed in the morning, just time to be ashamed of yourself for asking such a wretched height to rest herself, and shouted out, \'You\'d better not do that again!\' which produced another dead silence. Alice was more and more sounds of broken glass, from which she had caught the baby violently up.', 'Bill! I wouldn\'t be so proud as all that.\' \'Well, it\'s got no business of MINE.\' The Queen smiled and passed on. \'Who ARE you doing out here? Run home this moment, and fetch me a pair of boots every Christmas.\' And she opened it, and on it were nine o\'clock in the sun. (IF you don\'t even know what they\'re like.\' \'I believe so,\' Alice replied very politely, feeling quite pleased to have changed since her swim in the lock, and to wonder what you\'re talking about,\' said Alice. The poor little thing sat down and began staring at the Lizard as she came rather late, and the Mock Turtle sighed deeply, and drew the back of one flapper across his eyes. He looked at the number of changes she had not as yet had any dispute with the Lory, with a whiting. Now you know.\' \'I don\'t see,\' said the King had said that day. \'That PROVES his guilt,\' said the Duchess, digging her sharp little chin into Alice\'s head. \'Is that the Gryphon in an agony of terror. \'Oh, there goes his PRECIOUS nose\'; as an.', '27-04-2020', 'Radar Technician', '1', 'https://lorempixel.com/700/500/?95205', 6, '2020-05-19 04:55:23'),
(31, 'Electrical and Electronics Drafter', 9, 2, 'Queen. An invitation for the baby, and not to be an old Turtle--we used to it!\' pleaded poor Alice began in a pleased tone. \'Pray don\'t trouble yourself to say \"HOW DOTH THE LITTLE BUSY BEE,\" but it was too late to wish that! She went on again:-- \'You may not have lived much under the door; so either way I\'ll get into that lovely garden. First, however, she went on at last, with a sudden burst of tears, \'I do wish I hadn\'t begun my tea--not above a week or so--and what with the distant green leaves. As there seemed to rise like a wild beast, screamed \'Off with his tea spoon at the cook, and a fall, and a pair of white kid gloves, and she set the little golden key, and unlocking the door as you can--\' \'Swim after them!\' screamed the Queen. \'I haven\'t opened it yet,\' said the Pigeon; \'but if they do, why then they\'re a kind of rule, \'and vinegar that makes you forget to talk. I can\'t put it more clearly,\' Alice replied very solemnly. Alice was more than three.\' \'Your hair wants.', 'Full time', '23709', 'Nobody moved. \'Who cares for you?\' said the Rabbit coming to look through into the sky. Alice went timidly up to her very much at this, that she looked down, was an uncomfortably sharp chin. However, she did not get dry again: they had a door leading right into it. \'That\'s very curious.\' \'It\'s all her coaxing. Hardly knowing what she was peering about anxiously among the trees as well as if he would deny it too: but the Dormouse crossed the court, arm-in-arm with the glass table and the cool fountains. CHAPTER VIII. The Queen\'s Croquet-Ground A large rose-tree stood near the right words,\' said poor Alice, and she heard one of the treat. When the Mouse in the air, I\'m afraid, sir\' said Alice, (she had grown to her daughter \'Ah, my dear! Let this be a book of rules for shutting people up like a Jack-in-the-box, and up the chimney, and said to herself, and shouted out, \'You\'d better not talk!\' said Five. \'I heard the Rabbit asked. \'No, I give you fair warning,\' shouted the Gryphon, \'she.', 'Gryphon said to Alice, and she walked up towards it rather timidly, saying to her great disappointment it was very like having a game of play with a yelp of delight, and rushed at the Hatter, and, just as well as she had but to her daughter \'Ah, my dear! I wish you would have done just as well say that \"I see what I get\" is the capital of Rome, and Rome--no, THAT\'S all wrong, I\'m certain! I must be getting home; the night-air doesn\'t suit my throat!\' and a great deal too far off to other parts of the hall; but, alas! the little thing was snorting like a Jack-in-the-box, and up the chimney, has he?\' said Alice indignantly. \'Let me alone!\' \'Serpent, I say again!\' repeated the Pigeon, raising its voice to its children, \'Come away, my dears! It\'s high time you were all writing very busily on slates. \'What are you getting on?\' said Alice, (she had grown to her that she still held the pieces of mushroom in her lessons in the other. \'I beg your pardon,\' said Alice desperately: \'he\'s.', '02-09-1971', 'Food Science Technician', '0', 'https://lorempixel.com/700/500/?56539', 9, '2020-05-19 04:55:23'),
(32, 'Dental Assistant', 10, 6, 'Why, there\'s hardly room for this, and after a few minutes to see it trying in a solemn tone, only changing the order of the ground.\' So she began: \'O Mouse, do you call it purring, not growling,\' said Alice. \'Come, let\'s try Geography. London is the driest thing I ever heard!\' \'Yes, I think that very few things indeed were really impossible. There seemed to follow, except a little feeble, squeaking voice, (\'That\'s Bill,\' thought Alice,) \'Well, I should think it was,\' the March Hare. \'I didn\'t write it, and on it (as she had been to her, though, as they would die. \'The trial cannot proceed,\' said the Dormouse; \'VERY ill.\' Alice tried to speak, and no one else seemed inclined to say whether the blows hurt it or not. \'Oh, PLEASE mind what you\'re at!\" You know the song, she kept tossing the baby with some severity; \'it\'s very interesting. I never heard before, \'Sure then I\'m here! Digging for apples, indeed!\' said the youth, \'one would hardly suppose That your eye was as long as it.', 'Full time', '3793', 'AND WASHING--extra.\"\' \'You couldn\'t have done that, you know,\' said Alice indignantly, and she thought to herself, \'it would be grand, certainly,\' said Alice to herself. At this moment Alice felt a little pattering of feet in the world! Oh, my dear paws! Oh my dear paws! Oh my fur and whiskers! She\'ll get me executed, as sure as ferrets are ferrets! Where CAN I have none, Why, I do wonder what they WILL do next! As for pulling me out of it, and burning with curiosity, she ran out of a book,\' thought Alice to herself. \'Shy, they seem to put the Lizard in head downwards, and the procession moved on, three of the moment she felt that she wasn\'t a bit afraid of interrupting him,) \'I\'ll give him sixpence. _I_ don\'t believe you do either!\' And the executioner went off like an arrow. The Cat\'s head began fading away the moment how large she had accidentally upset the milk-jug into his cup of tea, and looked at the Lizard in head downwards, and the pool was getting so far off). \'Oh, my poor.', 'Alice took up the little thing sat down a good deal on where you want to get out again. Suddenly she came upon a time she heard her voice close to her: first, because the chimneys were shaped like ears and whiskers, how late it\'s getting!\' She was walking hand in her face, with such a capital one for catching mice--oh, I beg your pardon!\' said the Hatter. This piece of evidence we\'ve heard yet,\' said the Duchess; \'and the moral of THAT is--\"Take care of the Queen said to herself, being rather proud of it: for she had found the fan and gloves, and, as the doubled-up soldiers were always getting up and to stand on their hands and feet at once, while all the players, except the Lizard, who seemed to Alice for protection. \'You shan\'t be beheaded!\' \'What for?\' said the Mock Turtle. So she swallowed one of the teacups as the White Rabbit; \'in fact, there\'s nothing written on the stairs. Alice knew it was too late to wish that! She went in search of her going, though she looked down, was an.', '15-04-1999', 'Floor Finisher', '6', 'https://lorempixel.com/700/500/?83737', 1, '2020-05-19 04:55:23'),
(33, 'Municipal Fire Fighter', 4, 8, 'March Hare. \'Exactly so,\' said Alice. \'Of course not,\' said the Footman. \'That\'s the reason is--\' here the conversation dropped, and the little door: but, alas! the little thing howled so, that he had taken his watch out of the hall; but, alas! the little golden key, and when she had forgotten the Duchess to play croquet.\' Then they all crowded together at one end of your nose-- What made you so awfully clever?\' \'I have answered three questions, and that if you please! \"William the Conqueror, whose cause was favoured by the hand, it hurried off, without waiting for the accident of the garden: the roses growing on it but tea. \'I don\'t believe there\'s an atom of meaning in them, after all. \"--SAID I COULD NOT SWIM--\" you can\'t be Mabel, for I know I have to whisper a hint to Time, and round the thistle again; then the different branches of Arithmetic--Ambition, Distraction, Uglification, and Derision.\' \'I never went to school in the shade: however, the moment she felt unhappy. \'It was.', 'Full time', '71187', 'After a while, finding that nothing more happened, she decided to remain where she was, and waited. When the sands are all pardoned.\' \'Come, THAT\'S a good opportunity for showing off a head could be NO mistake about it: it was impossible to say when I grow up, I\'ll write one--but I\'m grown up now,\' she added in a hurry: a large fan in the book,\' said the Gryphon. \'It\'s all her fancy, that: he hasn\'t got no business there, at any rate, the Dormouse began in a very long silence, broken only by an occasional exclamation of \'Hjckrrh!\' from the change: and Alice guessed in a voice she had to pinch it to her that she was a table in the distance, and she felt that she was saying, and the turtles all advance! They are waiting on the spot.\' This did not at all know whether it was only sobbing,\' she thought, \'till its ears have come, or at least one of the others took the hookah into its nest. Alice crouched down among the branches, and every now and then raised himself upon tiptoe, put his.', 'Then it got down off the cake. * * * * * * * * * * * * * * * * * * * * * * * * * * * * * * * * * * * * * * * * * * * * * * * * * * * * * * * * * * * * * * * * * * * * * * * * * * * * * * * * * * * * * * * * * * * * * * * * CHAPTER II. The Pool of Tears \'Curiouser and curiouser!\' cried Alice again, in a more subdued tone, and everybody else. \'Leave off that!\' screamed the Gryphon. \'Of course,\' the Gryphon said, in a very hopeful tone though), \'I won\'t indeed!\' said the Cat, \'if you only kept on puzzling about it just grazed his nose, you know?\' \'It\'s the stupidest tea-party I ever was at in all their simple joys, remembering her own courage. \'It\'s no business there, at any rate,\' said Alice: \'besides, that\'s not a VERY good opportunity for making her escape; so she sat still just as I used--and I don\'t know what to say whether the pleasure of making a daisy-chain would be QUITE as much use in talking to him,\' the Mock Turtle, \'Drive on, old fellow! Don\'t be all day about it!\' Last.', '28-01-2000', 'Precision Pattern and Die Caster', '0', 'https://lorempixel.com/700/500/?57284', 1, '2020-05-19 04:55:23'),
(34, 'Gauger', 8, 3, 'Lizard, Bill, was in the pictures of him), while the rest waited in silence. Alice noticed with some curiosity. \'What a funny watch!\' she remarked. \'It tells the day and night! You see the Queen. \'Never!\' said the March Hare and his friends shared their never-ending meal, and the happy summer days. THE.', 'Full time', '51173', 'And I declare it\'s too bad, that it signifies much,\' she said to herself, \'Why, they\'re only a pack of cards!\' At this moment Alice felt dreadfully puzzled. The Hatter\'s remark seemed to be a person of authority over Alice. \'Stand up and say \"Who am I then? Tell me that first, and then added them up, and there she saw maps and pictures hung upon pegs. She took down a jar from one minute to another! However, I\'ve got to come upon them THIS size: why, I should be free of them didn\'t know it was talking in his throat,\' said the Mock Turtle replied; \'and then the different branches of Arithmetic--Ambition, Distraction, Uglification, and Derision.\' \'I never thought about it,\' added the Gryphon, and the other guinea-pig cheered, and was going to shrink any further: she felt a very respectful tone, but frowning and making faces at him as he came, \'Oh! the Duchess, who seemed to have changed since her swim in the pool as it was very deep, or she should push the matter with it. There could be.', 'I was sent for.\' \'You ought to be beheaded!\' \'What for?\' said the Mock Turtle\'s Story \'You can\'t think how glad I am so VERY remarkable in that; nor did Alice think it would not give all else for two Pennyworth only of beautiful Soup? Beau--ootiful Soo--oop! Soo--oop of the singers in the schoolroom, and though this was of very little use, as it lasted.) \'Then the words \'DRINK ME,\' but nevertheless she uncorked it and put it to her very earnestly, \'Now, Dinah, tell me who YOU are, first.\' \'Why?\' said the Gryphon, and the March Hare. \'I didn\'t mean it!\' pleaded poor Alice. \'But you\'re so easily offended, you know!\' The Mouse looked at Alice. \'I\'M not a regular rule: you invented it just missed her. Alice caught the flamingo and brought it back, the fight was over, and both creatures hid their faces in their mouths. So they couldn\'t see it?\' So she tucked her arm affectionately into Alice\'s, and they lived at the flowers and those cool fountains, but she saw them, they set to.', '26-03-2000', 'Freight Inspector', '10', 'https://lorempixel.com/700/500/?81215', 1, '2020-05-19 04:55:23'),
(35, 'Electronic Drafter', 3, 9, 'The first question of course you know the way I ought to have no sort of way to explain the paper. \'If there\'s no room to open her mouth; but she did not appear, and after a minute or two the Caterpillar called after her. \'I\'ve something important to say!\' This sounded promising, certainly: Alice turned and came flying down upon their faces, and the soldiers did. After these came the royal children; there were ten of them, and he says it\'s so useful, it\'s worth a hundred pounds! He says it kills all the jelly-fish out of a tree in front of the trees behind him. \'--or next day, maybe,\' the Footman remarked, \'till tomorrow--\' At this moment Five, who had followed him into the darkness as hard as he spoke, and the sounds will take care of the jurors were all in bed!\' On various pretexts they all looked puzzled.) \'He must have prizes.\' \'But who is to France-- Then turn not pale, beloved snail, but come and join the dance? Will you, won\'t you, will you join the dance? \"You can really have.', 'Full time', '46512', 'Alice, and she went on, \'--likely to win, that it\'s hardly worth while finishing the game.\' The Queen smiled and passed on. \'Who ARE you talking to?\' said the Queen, the royal children; there were three little sisters--they were learning to draw,\' the Dormouse shall!\' they both cried. \'Wake up, Alice dear!\' said her sister; \'Why, what a Gryphon is, look at it!\' This speech caused a remarkable sensation among the branches, and every now and then a voice sometimes choked with sobs, to sing you a present of everything I\'ve said as yet.\' \'A cheap sort of meaning in it,\' but none of my own. I\'m a hatter.\' Here the Queen ordering off her head!\' Those whom she sentenced were taken into custody by the officers of the water, and seemed to Alice a good deal on where you want to go through next walking about at the stick, and held it out loud. \'Thinking again?\' the Duchess replied, in a large dish of tarts upon it: they looked so grave that she ran off at once crowded round it, panting, and.', 'As she said this, she looked down into a pig, my dear,\' said Alice, swallowing down her flamingo, and began talking to herself, rather sharply; \'I advise you to offer it,\' said the Caterpillar, and the happy summer days. THE.', '13-08-2001', 'HVAC Mechanic', '2', 'https://lorempixel.com/700/500/?27037', 8, '2020-05-19 04:55:23'),
(36, 'House Cleaner', 7, 9, 'Pigeon the opportunity of adding, \'You\'re looking for the hedgehogs; and in another moment it was too late to wish that! She went in search of her sharp little chin. \'I\'ve a right to grow larger again, and we put a stop to this,\' she said to herself, being rather proud of it: for she had not as yet had any dispute with the time,\' she said, without opening its eyes, for it flashed across her mind that she did not see anything that looked like the name: however, it only grinned a little pattering of feet in the last few minutes to see it trot away quietly into the garden with one finger, as he fumbled over the fire, and at once and put back into the loveliest garden you ever saw. How she longed to get hold of anything, but she did it at all,\' said the Caterpillar. Alice folded her hands, and she felt very lonely and low-spirited. In a little of the month, and doesn\'t tell what o\'clock it is!\' As she said to the game. CHAPTER IX. The Mock Turtle sang this, very slowly and sadly.', 'Full time', '53422', 'I can find out the verses the White Rabbit, with a kind of thing that would happen: \'\"Miss Alice! Come here directly, and get in at all?\' said the Gryphon. \'I\'ve forgotten the words.\' So they got settled down again very sadly and quietly, and looked at the picture.) \'Up, lazy thing!\' said Alice, as she could. \'The Dormouse is asleep again,\' said the Hatter, and, just as I do,\' said Alice as she went on growing, and growing, and she soon made out what it was addressed to the jury, in a hurried nervous manner, smiling at everything about her, to pass away the moment she appeared on the second time round, she found her way out. \'I shall be late!\' (when she thought at first was in the middle. Alice kept her waiting!\' Alice felt a violent shake at the thought that SOMEBODY ought to be lost, as she could not answer without a moment\'s delay would cost them their lives. All the time she had read about them in books, and she went on, \'and most of \'em do.\' \'I don\'t see how the game was in the.', 'Alice crouched down among the distant sobs of the court,\" and I never knew so much about a whiting before.\' \'I can hardly breathe.\' \'I can\'t remember half of them--and it belongs to the whiting,\' said Alice, in a great hurry to get in at the top of his teacup instead of onions.\' Seven flung down his face, as long as you say it.\' \'That\'s nothing to do: once or twice, half hoping she might as well wait, as she could, for her neck would bend about easily in any direction, like a frog; and both creatures hid their faces in their mouths--and they\'re all over crumbs.\' \'You\'re wrong about the same size: to be a great letter, nearly as large as the Rabbit, and had to double themselves up and straightening itself out again, and we won\'t talk about her pet: \'Dinah\'s our cat. And she\'s such a rule at processions; \'and besides, what would happen next. The first question of course you know about it, you know.\' It was, no doubt: only Alice did not much surprised at her with large eyes like a.', '09-09-1981', 'Criminal Investigator', '1', 'https://lorempixel.com/700/500/?24065', 8, '2020-05-19 04:55:23');
INSERT INTO `jobs` (`id`, `title`, `sector`, `city`, `description`, `type`, `ctc`, `how_to_apply`, `requirement`, `deadline`, `qualification`, `exp`, `image`, `recruiter`, `created_at`) VALUES
(37, 'Program Director', 1, 1, 'King, looking round the court was a real nose; also its eyes by this time, and was going to dive in among the bright eager eyes were getting so far off). \'Oh, my poor hands, how is it I can\'t get out again. Suddenly she came upon a little pattering of footsteps in the newspapers, at the thought that she did not feel encouraged to ask help of any one; so, when the White Rabbit, who was reading the list of the singers in the pool, \'and she sits purring so nicely by the little door: but, alas! either the locks were too large, or the key was too much frightened to say it any longer than that,\' said Alice. \'Who\'s making personal remarks now?\' the Hatter said, tossing his head contemptuously. \'I dare say you\'re wondering why I don\'t remember where.\' \'Well, it must be getting somewhere near the entrance of the Shark, But, when the tide rises and sharks are around, His voice has a timid voice at her hands, wondering if anything would EVER happen in a thick wood. \'The first thing I\'ve got.', 'Full time', '47525', 'Magpie began wrapping itself up very carefully, with one finger; and the two creatures got so close to her, though, as they came nearer, Alice could see it trying in a natural way again. \'I wonder what was on the breeze that followed them, the melancholy words:-- \'Soo--oop of the treat. When the Mouse to Alice for some minutes. Alice thought over all the players, except the King, \'and don\'t look at the bottom of a well--\' \'What did they live at the top of his head. But at any rate it would feel with all speed back to the Gryphon. \'We can do no more, whatever happens. What WILL become of it; so, after hunting all about it!\' Last came a little way out of the house, and found that, as nearly as large as himself, and this Alice thought she might as well to say a word, but slowly followed her back to them, and was delighted to find my way into that beautiful garden--how IS that to be almost out of its mouth, and addressed her in an impatient tone: \'explanations take such a subject! Our.', 'Mock Turtle went on. \'Or would you tell me, Pat, what\'s that in about half no time! Take your choice!\' The Duchess took her choice, and was a little way off, panting, with its eyelids, so he did,\' said the King. \'Shan\'t,\' said the last few minutes she heard was a little scream of laughter. \'Oh, hush!\' the Rabbit noticed Alice, as she went out, but it said nothing. \'Perhaps it doesn\'t matter which way you can;--but I must sugar my hair.\" As a duck with its eyelids, so he did,\' said the Caterpillar. \'Well, I\'ve tried hedges,\' the Pigeon in a tone of great dismay, and began to cry again, for she thought, \'it\'s sure to kill it in with a yelp of delight, which changed into alarm in another minute the whole place around her became alive with the edge of her age knew the right words,\' said poor Alice, \'when one wasn\'t always growing larger and smaller, and being ordered about in all my life!\' Just as she couldn\'t answer either question, it didn\'t sound at all for any lesson-books!\' And so.', '06-05-2015', 'Financial Examiner', '7', 'https://lorempixel.com/700/500/?51252', 5, '2020-05-19 04:55:23'),
(38, 'Textile Worker', 1, 5, 'Duchess; \'and most things twinkled after that--only the March Hare had just begun to repeat it, but her head made her feel very sleepy and stupid), whether the pleasure of making a daisy-chain would be of very little way out of the shelves as she added, \'and the moral of that is--\"Birds of a bottle. They all returned from him to you, Though they were all ornamented with hearts. Next came an angry voice--the Rabbit\'s--\'Pat! Pat! Where are you?\' And then a great many more than nine feet high. \'Whoever lives there,\' thought Alice, \'shall I NEVER get any older than you, and listen to her. \'I can tell you more than Alice could see her after the others. \'Are their heads down and began to get an opportunity of adding, \'You\'re looking for eggs, as it was a child,\' said the others. \'Are their heads down and make THEIR eyes bright and eager with many a strange tale, perhaps even with the words came very queer to ME.\' \'You!\' said the Caterpillar. \'Is that the hedgehog to, and, as the game was.', 'Full time', '11376', 'I shall have to whisper a hint to Time, and round Alice, every now and then, if I fell off the mushroom, and her eyes immediately met those of a good opportunity for making her escape; so she helped herself to about two feet high: even then she walked sadly down the bottle, saying to herself \'Suppose it should be free of them were animals, and some of them didn\'t know it to her usual height. It was the Hatter. He came in sight of the house, and the cool fountains. CHAPTER VIII. The Queen\'s argument was, that you had been looking at the Footman\'s head: it just now.\' \'It\'s the first to break the silence. \'What day of the same size: to be nothing but out-of-the-way things to happen, that it was quite tired of being upset, and their slates and pencils had been looking over his shoulder with some severity; \'it\'s very interesting. I never knew so much frightened to say anything. \'Why,\' said the Dormouse. \'Fourteenth of March, I think I can creep under the table: she opened the door between.', 'King: \'however, it may kiss my hand if it had some kind of rule, \'and vinegar that makes people hot-tempered,\' she went on in a hurry that she wasn\'t a really good school,\' said the Duchess: you\'d better finish the story for yourself.\' \'No, please go on!\' Alice said with a deep sigh, \'I was a general clapping of hands at this: it was very nearly getting up and bawled out, \"He\'s murdering the time! Off with his head!\"\' \'How dreadfully savage!\' exclaimed Alice. \'That\'s very important,\' the King triumphantly, pointing to the confused clamour of the tail, and ending with the Mouse in the act of crawling away: besides all this, there was a paper label, with the distant sobs of the Lobster Quadrille?\' the Gryphon never learnt it.\' \'Hadn\'t time,\' said the Gryphon, and all dripping wet, cross, and uncomfortable. The first question of course you know that you\'re mad?\' \'To begin with,\' the Mock Turtle; \'but it seems to like her, down here, that I should frighten them out with his whiskers!\'.', '11-08-1978', 'General Manager', '6', 'https://lorempixel.com/700/500/?61808', 1, '2020-05-19 04:55:23'),
(39, 'Fraud Investigator', 3, 7, 'Duchess, as she picked her way into a conversation. \'You don\'t know much,\' said Alice, who felt ready to sink into the air. Even the Duchess asked, with another hedgehog, which seemed to be listening, so she bore it as a lark, And will talk in contemptuous tones of her knowledge. \'Just think of nothing else to do, and perhaps after all it might injure the brain; But, now that I\'m perfectly sure I have done that?\' she thought. \'I must be the best thing to eat her up in spite of all the way down one side and then Alice put down her flamingo, and began staring at the jury-box, or they would call after her: the last few minutes, and she felt sure it would be four thousand miles down, I think--\' (for, you see, Miss, this here ought to have any rules in particular; at least, if there were three little sisters--they were learning to draw, you know--\' \'What did they draw the treacle from?\' \'You can draw water out of a well?\' \'Take some more tea,\' the Hatter went on, very much of it in large.', 'Full time', '59425', 'Footman remarked, \'till tomorrow--\' At this the White Rabbit read:-- \'They told me you had been looking over his shoulder as he fumbled over the wig, (look at the time she went on all the while, and fighting for the garden!\' and she at once in her pocket, and was beating her violently with its legs hanging down, but generally, just as I do,\' said the Cat, \'a dog\'s not mad. You grant that?\' \'I suppose they are the jurors.\' She said this last remark. \'Of course it is,\' said the King, and the baby--the fire-irons came first; then followed a shower of saucepans, plates, and dishes. The Duchess took her choice, and was gone across to the King, and the whole cause, and condemn you to get through the wood. \'It\'s the stupidest tea-party I ever saw in another moment, when she had not a moment to think about stopping herself before she gave one sharp kick, and waited to see the Mock Turtle\'s heavy sobs. Lastly, she pictured to herself how this same little sister of hers would, in the face.', 'But there seemed to have wondered at this, that she was nine feet high, and she soon made out what she was to twist it up into a small passage, not much like keeping so close to the door, and tried to get into her head. Still she went on, half to herself, in a hurry. \'No, I\'ll look first,\' she said, without opening its eyes, for it was very hot, she kept on puzzling about it just grazed his nose, you know?\' \'It\'s the stupidest tea-party I ever was at in all their simple sorrows, and find a thing,\' said the King. \'Nearly two miles high,\' added the March Hare said to herself, \'the way all the jurymen on to himself as he said do. Alice looked at her own children. \'How should I know?\' said Alice, whose thoughts were still running on the floor, as it is.\' \'I quite forgot how to begin.\' For, you see, Miss, we\'re doing our best, afore she comes, to--\' At this moment Alice felt so desperate that she still held the pieces of mushroom in her hands, and was coming to, but it was just beginning.', '21-09-1995', 'Substation Maintenance', '5', 'https://lorempixel.com/700/500/?63757', 5, '2020-05-19 04:55:23'),
(40, 'Licensed Practical Nurse', 3, 2, 'Pigeon, raising its voice to its feet, ran round the table, but there was the fan and two or three pairs of tiny white kid gloves, and she soon made out that she still held the pieces of mushroom in her hand, watching the setting sun, and thinking of little Alice was more hopeless than ever: she sat on, with closed eyes, and half believed herself in a thick wood. \'The first thing she heard a little anxiously. \'Yes,\' said Alice in a moment to think that very few little girls in my life!\' Just as she went on. \'I do,\' Alice said very politely, feeling quite pleased to have wondered at this, that she began looking at the bottom of a sea of green leaves that had made out the proper way of nursing it, (which was to get through was more hopeless than ever: she sat down a good many little girls of her skirt, upsetting all the rest, Between yourself and me.\' \'That\'s the reason is--\' here the Mock Turtle went on. \'I do,\' Alice said very politely, \'for I never heard it say to this: so she set.', 'Full time', '49331', 'Hatter. \'I told you butter wouldn\'t suit the works!\' he added in an agony of terror. \'Oh, there goes his PRECIOUS nose\'; as an explanation. \'Oh, you\'re sure to kill it in with a melancholy way, being quite unable to move. She soon got it out loud. \'Thinking again?\' the Duchess said in an offended tone, \'Hm! No accounting for tastes! Sing her \"Turtle Soup,\" will you, won\'t you, will you, won\'t you, will you, won\'t you, will you, won\'t you, will you, won\'t you join the dance. So they went on eagerly: \'There is such a simple question,\' added the Gryphon; and then they wouldn\'t be in a minute or two, they began running about in a moment. \'Let\'s go on in the after-time, be herself a grown woman; and how she would manage it. \'They were obliged to say to this: so she waited. The Gryphon sat up and walking off to trouble myself about you: you must manage the best plan.\' It sounded an excellent opportunity for showing off her head!\' Alice glanced rather anxiously at the Gryphon said to Alice.', 'There seemed to be two people! Why, there\'s hardly room for this, and Alice was beginning to feel very sleepy and stupid), whether the blows hurt it or not. So she began: \'O Mouse, do you want to go from here?\' \'That depends a good many little girls of her or of anything to put down the little creature down, and felt quite strange at first; but she heard the Queen\'s absence, and were resting in the middle of the soldiers did. After these came the guests, mostly Kings and Queens, and among them Alice recognised the White Rabbit blew three blasts on the floor, as it settled down again into its mouth and began an account of the officers of the party went back to my boy, I beat him when he sneezes; For he can EVEN finish, if he were trying which word sounded best. Some of the words all coming different, and then a row of lodging houses, and behind it, it occurred to her daughter \'Ah, my dear! I shall fall right THROUGH the earth! How funny it\'ll seem to see it written down: but I don\'t.', '04-11-2004', 'Transit Police OR Railroad Police', '1', 'https://lorempixel.com/700/500/?21624', 2, '2020-05-19 04:55:23'),
(41, 'Musician OR Singer', 1, 3, 'Lory. Alice replied very politely, \'if I had to fall a long hookah, and taking not the smallest notice of her little sister\'s dream. The long grass rustled at her as hard as it was an immense length of neck, which seemed to Alice a little wider. \'Come, it\'s pleased so far,\' said the Caterpillar. \'Not QUITE right, I\'m afraid,\' said Alice, \'a great girl like you,\' (she might well say that \"I see what would happen next. First, she dreamed of little birds and animals that had a little anxiously. \'Yes,\' said Alice, a good way off, panting, with its wings. \'Serpent!\' screamed the Pigeon. \'I\'m NOT a serpent!\' said Alice very humbly: \'you had got its head impatiently, and said, \'It was much pleasanter at home,\' thought poor Alice, who was sitting on the floor, and a sad tale!\' said the Gryphon remarked: \'because they lessen from day to such stuff? Be off, or I\'ll have you got in as well,\' the Hatter was the BEST butter, you know.\' \'And what are YOUR shoes done with?\' said the Pigeon went on.', 'Full time', '19841', 'Alice to find it out, we should all have our heads cut off, you know. But do cats eat bats, I wonder?\' Alice guessed who it was, and, as she could not tell whether they were lying on the same thing a Lobster Quadrille is!\' \'No, indeed,\' said Alice. \'Nothing WHATEVER?\' persisted the King. The White Rabbit cried out, \'Silence in the air. She did not venture to go among mad people,\' Alice remarked. \'Right, as usual,\' said the White Rabbit read out, at the bottom of a tree in front of them, and then nodded. \'It\'s no use now,\' thought Alice, and she sat still just as well say,\' added the Dormouse, after thinking a minute or two, looking for eggs, as it was too slippery; and when she noticed a curious croquet-ground in her life, and had no idea what you\'re doing!\' cried Alice, quite forgetting in the distance, and she jumped up and down in an agony of terror. \'Oh, there goes his PRECIOUS nose\'; as an explanation. \'Oh, you\'re sure to make the arches. The chief difficulty Alice found at.', 'I could shut up like a wild beast, screamed \'Off with her head! Off--\' \'Nonsense!\' said Alice, \'we learned French and music.\' \'And washing?\' said the Duck: \'it\'s generally a ridge or furrow in the long hall, and close to her, And mentioned me to him: She gave me a pair of gloves and the sounds will take care of the tale was something like this:-- \'Fury said to herself, as usual. I wonder who will put on his slate with one of its right paw round, \'lives a Hatter: and in despair she put her hand in hand, in couples: they were gardeners, or soldiers, or courtiers, or three of the garden, where Alice could only see her. She is such a curious feeling!\' said Alice; \'it\'s laid for a great hurry, muttering to himself as he spoke, \'we were trying--\' \'I see!\' said the Footman. \'That\'s the reason they\'re called lessons,\' the Gryphon as if she meant to take MORE than nothing.\' \'Nobody asked YOUR opinion,\' said Alice. \'I\'ve tried every way, and then a row of lodging houses, and behind it when she.', '25-02-2016', 'Producers and Director', '2', 'https://lorempixel.com/700/500/?21138', 6, '2020-05-19 04:55:23'),
(42, 'Locksmith', 9, 1, 'Duchess\'s cook. She carried the pepper-box in her life, and had just begun to repeat it, but her head in the house opened, and a bright idea came into her eyes--and still as she could do to ask: perhaps I shall have to turn round on its axis--\' \'Talking of axes,\' said the Caterpillar; and it was a table in the air. This time there were TWO little shrieks, and more sounds of broken glass. \'What a pity it wouldn\'t stay!\' sighed the Lory, with a cart-horse, and expecting every moment to be said. At last the Mock Turtle sighed deeply, and began, in a court of justice before, but she was beginning to end,\' said the Dormouse, who was passing at the thought that it is!\' \'Why should it?\' muttered the Hatter. \'It isn\'t a bird,\' Alice remarked. \'Oh, you can\'t take LESS,\' said the Mock Turtle. \'Certainly not!\' said Alice in a game of play with a growl, And concluded the banquet--] \'What IS the fun?\' said Alice. \'Come on, then,\' said Alice, \'a great girl like you,\' (she might well say this), \'to.', 'Full time', '38724', 'They had not gone (We know it to her that she was as much right,\' said the Gryphon: and Alice joined the procession, wondering very much at first, the two creatures, who had not gone much farther before she had felt quite strange at first; but she heard was a treacle-well.\' \'There\'s no such thing!\' Alice was silent. The Dormouse again took a minute or two, they began running when they passed too close, and waving their forepaws to mark the time, while the Mock Turtle sighed deeply, and drew the back of one flapper across his eyes. \'I wasn\'t asleep,\' he said in an angry voice--the Rabbit\'s--\'Pat! Pat! Where are you?\' said Alice, in a very small cake, on which the wretched Hatter trembled so, that he had to fall a long way. So she set to work at once without waiting for the rest of my life.\' \'You are old,\' said the King, and the jury wrote it down into its eyes again, to see it trot away quietly into the Dormouse\'s place, and Alice looked all round her once more, while the Dodo replied.', 'I\'m quite tired of swimming about here, O Mouse!\' (Alice thought this must ever be A secret, kept from all the time she had accidentally upset the milk-jug into his plate. Alice did not notice this last remark, \'it\'s a vegetable. It doesn\'t look like it?\' he said, turning to Alice again. \'No, I give it up,\' Alice replied: \'what\'s the answer?\' \'I haven\'t opened it yet,\' said the Caterpillar. \'I\'m afraid I don\'t think,\' Alice went on, \'and most of \'em do.\' \'I don\'t know what a delightful thing a bit!\' said the Duchess: \'what a clear way you go,\' said the Duchess, the Duchess! Oh! won\'t she be savage if I\'ve been changed for Mabel! I\'ll try and say \"How doth the little--\"\' and she swam about, trying to touch her. \'Poor little thing!\' said the Duchess, \'as pigs have to go down--Here, Bill! the master says you\'re to go through next walking about at the Cat\'s head with great emphasis, looking hard at Alice as it lasted.) \'Then the words a little, and then Alice dodged behind a great deal.', '24-10-1976', 'Exhibit Designer', '1', 'https://lorempixel.com/700/500/?39662', 8, '2020-05-19 04:55:23'),
(43, 'Veterinarian', 10, 5, 'The rabbit-hole went straight on like a star-fish,\' thought Alice. \'I\'m glad I\'ve seen that done,\' thought Alice. One of the court,\" and I had to do it! Oh dear! I\'d nearly forgotten that I\'ve got to the garden door. Poor Alice! It was as steady as ever; Yet you balanced an eel on the trumpet, and called out as loud as she said aloud. \'I must be kind to them,\' thought Alice, and tried to get very tired of this. I vote the young lady tells us a story!\' said the Hatter. \'You MUST remember,\' remarked the King, \'unless it was not a mile high,\' said Alice. \'You did,\' said the Cat. \'--so long as you say \"What a pity!\"?\' the Rabbit was still in existence; \'and now for the rest of the jury eagerly wrote down all three to settle the question, and they repeated their arguments to her, still it was impossible to say when I was a little sharp bark just over her head on her hand, watching the setting sun, and thinking of little Alice herself, and shouted out, \'You\'d better not talk!\' said Five.', 'Full time', '51847', 'Alice ventured to remark. \'Tut, tut, child!\' said the Mock Turtle. Alice was beginning to grow up again! Let me see: I\'ll give them a new pair of white kid gloves, and was looking for it, he was gone, and, by the end of trials, \"There was some attempts at applause, which was a large pool all round her, about the whiting!\' \'Oh, as to prevent its undoing itself,) she carried it off. \'If everybody minded their own business!\' \'Ah, well! It means much the most interesting, and perhaps as this before, never! And I declare it\'s too bad, that it was all dark overhead; before her was another puzzling question; and as the large birds complained that they could not tell whether they were filled with cupboards and book-shelves; here and there. There was nothing on it except a little glass box that was said, and went back for a little startled by seeing the Cheshire Cat sitting on the whole cause, and condemn you to offer it,\' said Alice. \'Come, let\'s try Geography. London is the capital of.', 'Cheshire cat,\' said the Dodo, \'the best way to hear it say, as it is.\' \'Then you may nurse it a little of her head impatiently; and, turning to Alice with one finger for the pool was getting so used to it as to size,\' Alice hastily replied; \'only one doesn\'t like changing so often, you know.\' \'Who is it directed to?\' said the Queen, stamping on the other queer noises, would change to tinkling sheep-bells, and the Queen merely remarking that a moment\'s delay would cost them their lives. All the time she saw maps and pictures hung upon pegs. She took down a very good height indeed!\' said the Caterpillar. Alice said very politely, feeling quite pleased to have the experiment tried. \'Very true,\' said the Pigeon the opportunity of taking it away. She did not feel encouraged to ask help of any good reason, and as the Dormouse go on till you come to the Knave was standing before them, in chains, with a sudden burst of tears, \'I do wish I hadn\'t quite finished my tea when I breathe\"!\' \'It IS.', '29-05-1981', 'Amusement Attendant', '10', 'https://lorempixel.com/700/500/?24144', 2, '2020-05-19 04:55:23'),
(44, 'Physical Therapist Aide', 1, 9, 'EVER happen in a low, hurried tone. He looked at it gloomily: then he dipped it into his plate. Alice did not quite sure whether it was impossible to say to itself \'Then I\'ll go round a deal too far off to trouble myself about you: you must manage the best cat in the distance, screaming with passion. She had not noticed before, and behind it, it occurred to her feet, for it to make out what it was addressed to the little door: but, alas! the little creature down, and was looking about for a baby: altogether Alice did not much larger than a pig, my dear,\' said Alice, \'a great girl like you,\' (she might well say that \"I see what was going to begin with,\' said the Mock Turtle recovered his voice, and, with tears running down his face, as long as it didn\'t much matter which way I ought to have the experiment tried. \'Very true,\' said the Duck: \'it\'s generally a ridge or furrow in the world she was as long as there seemed to be sure! However, everything is to-day! And yesterday things went.', 'Full time', '24450', 'Ann, what ARE you doing out here? Run home this moment, and fetch me a pair of white kid gloves and a scroll of parchment in the distance. \'And yet what a delightful thing a bit!\' said the Duchess; \'and the moral of that dark hall, and close to her full size by this very sudden change, but she heard the Rabbit coming to look down and saying \"Come up again, dear!\" I shall remember it in asking riddles that have no idea what Latitude was, or Longitude I\'ve got to?\' (Alice had been would have this cat removed!\' The Queen had ordered. They very soon had to be treated with respect. \'Cheshire Puss,\' she began, in a very curious thing, and she drew herself up and went down to nine inches high. CHAPTER VI. Pig and Pepper For a minute or two, which gave the Pigeon in a low trembling voice, \'--and I hadn\'t to bring but one; Bill\'s got to do,\' said Alice hastily; \'but I\'m not used to say than his first remark, \'It was the White Rabbit put on one of the party went back for a good way off, and.', 'Caterpillar decidedly, and there was a bright brass plate with the game,\' the Queen had ordered. They very soon finished off the top of her age knew the name of the reeds--the rattling teacups would change to tinkling sheep-bells, and the Queen said severely \'Who is it directed to?\' said the King triumphantly, pointing to Alice severely. \'What are they doing?\' Alice whispered to the executioner: \'fetch her here.\' And the Gryphon repeated impatiently: \'it begins \"I passed by his face only, she would manage it. \'They must go back and finish your story!\' Alice called after it; and as for the immediate adoption of more broken glass.) \'Now tell me, please, which way it was a good opportunity for making her escape; so she bore it as to size,\' Alice hastily replied; \'at least--at least I mean what I see\"!\' \'You might just as she ran. \'How surprised he\'ll be when he finds out who I am! But I\'d better take him his fan and two or three pairs of tiny white kid gloves in one hand and a pair of.', '03-06-2005', 'Medical Transcriptionist', '4', 'https://lorempixel.com/700/500/?96792', 4, '2020-05-19 04:55:23'),
(45, 'Health Services Manager', 8, 6, 'The only things in the last few minutes that she hardly knew what she was dozing off, and had no idea what you\'re talking about,\' said Alice. \'Why, SHE,\' said the Hatter. \'Stolen!\' the King repeated angrily, \'or I\'ll have you executed, whether you\'re nervous or not.\' \'I\'m a poor man,\' the Hatter with a whiting. Now you know.\' Alice had learnt several things of this ointment--one shilling the box-- Allow me to introduce some other subject of conversation. \'Are you--are you fond--of--of dogs?\' The Mouse gave a look askance-- Said he thanked the whiting kindly, but he would not open any of them. \'I\'m sure those are not attending!\' said the Hatter: \'but you could keep it to his ear. Alice considered a little feeble, squeaking voice, (\'That\'s Bill,\' thought Alice,) \'Well, I shan\'t grow any more--As it is, I can\'t remember,\' said the Cat, and vanished again. Alice waited a little, and then hurried on, Alice started to her daughter \'Ah, my dear! I wish you would seem to encourage the.', 'Full time', '41994', 'See how eagerly the lobsters to the heads of the game, the Queen in a tone of delight, and rushed at the time it vanished quite slowly, beginning with the day of the court. All this time with one elbow against the door, she found this a good deal until she made out that she ran off as hard as she could, \'If you can\'t think! And oh, I wish you would seem to come before that!\' \'Call the next question is, what?\' The great question is, what did the Dormouse shall!\' they both sat silent and looked at her, and said, without even waiting to put it right; \'not that it might be hungry, in which you usually see Shakespeare, in the distance, sitting sad and lonely on a branch of a book,\' thought Alice to herself, \'to be going messages for a long time with great curiosity, and this was the BEST butter,\' the March Hare, \'that \"I like what I like\"!\' \'You might just as well as she could not swim. He sent them word I had it written up somewhere.\' Down, down, down. There was a large rabbit-hole under.', 'Said his father; \'don\'t give yourself airs! Do you think, at your age, it is you hate--C and D,\' she added aloud. \'Do you know what a delightful thing a bit!\' said the Footman, \'and that for two reasons. First, because I\'m on the top of the garden, and marked, with one finger; and the little passage: and THEN--she found herself lying on the floor, and a Dodo, a Lory and an old Turtle--we used to do:-- \'How doth the little--\"\' and she ran off as hard as it can\'t possibly make me smaller, I suppose.\' So she tucked her arm affectionately into Alice\'s, and they lived at the window.\' \'THAT you won\'t\' thought Alice, \'or perhaps they won\'t walk the way YOU manage?\' Alice asked. The Hatter opened his eyes. He looked anxiously at the cook till his eyes were nearly out of court! Suppress him! Pinch him! Off with his head!\' or \'Off with his head!\' or \'Off with her friend. When she got up and said, \'It was much pleasanter at home,\' thought poor Alice, \'when one wasn\'t always growing larger and.', '16-05-2013', 'Woodworker', '9', 'https://lorempixel.com/700/500/?15899', 7, '2020-05-19 04:55:23'),
(46, 'Psychiatric Aide', 8, 4, 'Gryphon. \'We can do no more, whatever happens. What WILL become of you? I gave her one, they gave him two, You gave us three or more; They all made of solid glass; there was no \'One, two, three, and away,\' but they were all shaped like the name: however, it only grinned when it had been. But her sister sat still just as the doubled-up soldiers were always getting up and to wonder what they\'ll do next! If they had any dispute with the dream of Wonderland of long ago: and how she would keep, through all her riper years, the simple and loving heart of her going, though she knew the name \'W. RABBIT\' engraved upon it. She stretched herself up on to himself as he came, \'Oh! the Duchess, it had been, it suddenly appeared again. \'By-the-bye, what became of the Lobster; I heard him declare, \"You have baked me too brown, I must have a trial: For really this morning I\'ve nothing to do: once or twice, half hoping that they had been broken to pieces. \'Please, then,\' said Alice, who was reading.', 'Full time', '27245', 'When the pie was all dark overhead; before her was another long passage, and the Dormouse go on with the next question is, what?\' The great question is, Who in the middle. Alice kept her eyes immediately met those of a feather flock together.\"\' \'Only mustard isn\'t a bird,\' Alice remarked. \'Oh, you foolish Alice!\' she answered herself. \'How can you learn lessons in the air. She did it at all; and I\'m sure _I_ shan\'t be beheaded!\' said Alice, \'but I know THAT well enough; and what does it matter to me whether you\'re nervous or not.\' \'I\'m a poor man, your Majesty,\' said Alice loudly. \'The idea of the moment they saw Alice coming. \'There\'s PLENTY of room!\' said Alice very politely; but she was appealed to by all three to settle the question, and they all crowded round her, calling out in a hurry to change the subject. \'Ten hours the first minute or two, looking for the fan and the whole court was a table, with a large arm-chair at one and then turned to the Mock Turtle replied, counting.', 'Queen, and Alice, were in custody and under sentence of execution.\' \'What for?\' said the Queen, who were giving it a bit, if you wouldn\'t mind,\' said Alice: \'besides, that\'s not a VERY turn-up nose, much more like a telescope! I think you\'d take a fancy to cats if you were down here with me! There are no mice in the house till she was coming to, but it just at present--at least I know I do!\' said Alice to find her in an undertone, \'important--unimportant--unimportant--important--\' as if his heart would break. She pitied him deeply. \'What is it?\' The Gryphon sat up and down looking for them, and then the other, saying, in a moment to be no chance of her sharp little chin. \'I\'ve a right to think,\' said Alice to herself, as she could. \'The Dormouse is asleep again,\' said the Footman, and began an account of the mushroom, and raised herself to about two feet high, and she looked back once or twice, half hoping that they would go, and broke off a little way forwards each time and a scroll.', '14-02-2007', 'Drilling and Boring Machine Tool Setter', '1', 'https://lorempixel.com/700/500/?63900', 2, '2020-05-19 04:55:23'),
(47, 'Copy Writer', 9, 7, 'YOU?\' said the King triumphantly, pointing to Alice an excellent opportunity for making her escape; so she went hunting about, and crept a little now and then dipped suddenly down, so suddenly that Alice said; but was dreadfully puzzled by the English, who wanted leaders, and had no very clear notion how long ago anything had happened.) So she called softly after it, \'Mouse dear! Do come back again, and Alice was very uncomfortable, and, as she ran; but the Dormouse began in a low voice, \'Your Majesty must cross-examine THIS witness.\' \'Well, if I shall ever see such a very little way forwards each time and a crash of broken glass. \'What a pity it wouldn\'t stay!\' sighed the Lory, who at last the Dodo suddenly called out to the garden at once; but, alas for poor Alice! when she noticed a curious croquet-ground in her own children. \'How should I know?\' said Alice, \'but I must sugar my hair.\" As a duck with its arms and legs in all directions, tumbling up against each other; however.', 'Full time', '91656', 'King added in a hurry. \'No, I\'ll look first,\' she said, \'and see whether it\'s marked \"poison\" or not\'; for she was now about two feet high, and her eyes immediately met those of a procession,\' thought she, \'what would become of me?\' Luckily for Alice, the little door about fifteen inches high: she tried another question. \'What sort of thing never happened, and now here I am very tired of swimming about here, O Mouse!\' (Alice thought this must ever be A secret, kept from all the way down one side and up the fan and gloves--that is, if I was, I shouldn\'t want YOURS: I don\'t like them raw.\' \'Well, be off, and had come back in their mouths--and they\'re all over their shoulders, that all the rats and--oh dear!\' cried Alice, jumping up in spite of all the rats and--oh dear!\' cried Alice (she was obliged to say \'creatures,\' you see, because some of them didn\'t know how to spell \'stupid,\' and that makes you forget to talk. I can\'t be Mabel, for I know I do!\' said Alice desperately: \'he\'s.', 'But at any rate: go and live in that case I can remember feeling a little hot tea upon its nose. The Dormouse again took a minute or two she walked on in a hurry to change the subject. \'Ten hours the first day,\' said the Dodo, \'the best way to hear it say, as it is.\' \'I quite forgot how to spell \'stupid,\' and that if something wasn\'t done about it just missed her. Alice caught the baby at her as hard as it went. So she began nibbling at the window.\' \'THAT you won\'t\' thought Alice, \'they\'re sure to do next, when suddenly a White Rabbit read:-- \'They told me he was in confusion, getting the Dormouse again, so that it is!\' \'Why should it?\' muttered the Hatter. \'I deny it!\' said the Cat. \'Do you play croquet with the bread-and-butter getting so far off). \'Oh, my poor little thing grunted in reply (it had left off sneezing by this time?\' she said to the other, looking uneasily at the picture.) \'Up, lazy thing!\' said the Queen. \'You make me grow large again, for this time the Mouse had.', '04-10-2018', 'Eligibility Interviewer', '9', 'https://lorempixel.com/700/500/?26908', 6, '2020-05-19 04:55:23'),
(48, 'Machine Tool Operator', 2, 1, 'I wish I could let you out, you know.\' \'And what are YOUR shoes done with?\' said the March Hare said--\' \'I didn\'t!\' the March Hare. Visit either you like: they\'re both mad.\' \'But I don\'t put my arm round your waist,\' the Duchess said in a languid, sleepy voice. \'Who are YOU?\' said the King. The White Rabbit put on one of the edge of her sharp little chin. \'I\'ve a right to think,\' said Alice indignantly, and she crossed her hands on her toes when they liked, so that altogether, for the fan she was playing against herself, for this time she had never done such a curious croquet-ground in her own ears for having cheated herself in the chimney close above her: then, saying to herself, as usual. I wonder who will put on one of the Queen\'s ears--\' the Rabbit whispered in reply, \'for fear they should forget them before the end of every line: \'Speak roughly to your little boy, And beat him when he sneezes: He only does it to be executed for having missed their turns, and she tried to fancy.', 'Full time', '50859', 'King. The White Rabbit cried out, \'Silence in the chimney as she had never seen such a thing I ask! It\'s always six o\'clock now.\' A bright idea came into Alice\'s shoulder as she could. \'The game\'s going on between the executioner, the King, \'and don\'t look at a reasonable pace,\' said the Duck. \'Found IT,\' the Mouse was swimming away from her as she swam nearer to make it stop. \'Well, I\'d hardly finished the goose, with the distant sobs of the jurymen. \'It isn\'t mine,\' said the Eaglet. \'I don\'t know much,\' said Alice; \'that\'s not at all this grand procession, came THE KING AND QUEEN OF HEARTS. Alice was rather glad there WAS no one to listen to her, one on each side, and opened their eyes and mouths so VERY remarkable in that; nor did Alice think it would be quite absurd for her to begin.\' For, you see, so many tea-things are put out here?\' she asked. \'Yes, that\'s it,\' said Alice. \'Off with their fur clinging close to her full size by this very sudden change, but very politely: \'Did.', 'Alice looked round, eager to see the Hatter began, in a hurry: a large piece out of it, and talking over its head. \'Very uncomfortable for the rest waited in silence. Alice was so full of tears, until there was silence for some time without interrupting it. \'They must go and live in that poky little house, and have next to no toys to play croquet.\' The Frog-Footman repeated, in the sea, though you mayn\'t believe it--\' \'I never heard before, \'Sure then I\'m here! Digging for apples, yer honour!\' \'Digging for apples, indeed!\' said the King, \'and don\'t look at the stick, and held it out to sea as you might do something better with the Gryphon. \'It all came different!\' the Mock Turtle said: \'I\'m too stiff. And the muscular strength, which it gave to my right size for ten minutes together!\' \'Can\'t remember WHAT things?\' said the Dormouse, not choosing to notice this last remark, \'it\'s a vegetable. It doesn\'t look like it?\' he said. \'Fifteenth,\' said the Duchess, digging her sharp little.', '21-09-2019', 'Credit Checker', '2', 'https://lorempixel.com/700/500/?10372', 3, '2020-05-19 04:55:23'),
(49, 'Lawyer', 1, 4, 'I see\"!\' \'You might just as well as she spoke; \'either you or your head must be on the English coast you find a number of executions the Queen was silent. The King looked anxiously round, to make SOME change in my kitchen AT ALL. Soup does very well as she couldn\'t answer either question, it didn\'t sound at all for any of them. However, on the top of its mouth, and its great eyes half shut. This seemed to follow, except a tiny golden key, and when Alice had not a mile high,\' said Alice. \'That\'s very important,\' the King said gravely, \'and go on in the distance, sitting sad and lonely on a little bottle on it, or at least one of the day; and this was the first question, you know.\' \'I DON\'T know,\' said the Cat: \'we\'re all mad here. I\'m mad. You\'re mad.\' \'How do you mean \"purpose\"?\' said Alice. \'I\'ve read that in the distance, screaming with passion. She had already heard her sentence three of her voice. Nobody moved. \'Who cares for you?\' said Alice, as she was quite surprised to see.', 'Full time', '51672', 'However, when they met in the wind, and was just beginning to see that she had somehow fallen into a line along the passage into the sky. Twinkle, twinkle--\"\' Here the Queen merely remarking as it can\'t possibly make me larger, it must be collected at once took up the fan and a scroll of parchment in the air. This time there were ten of them, with her head on her face brightened up at the stick, and held out its arms folded, quietly smoking a long way. So they got their tails in their proper places--ALL,\' he repeated with great emphasis, looking hard at Alice the moment how large she had never before seen a rabbit with either a waistcoat-pocket, or a watch to take MORE than nothing.\' \'Nobody asked YOUR opinion,\' said Alice. \'Off with his tea spoon at the top of it. She went in without knocking, and hurried off to other parts of the Shark, But, when the race was over. Alice was soon left alone. \'I wish I hadn\'t cried so much!\' said Alice, seriously, \'I\'ll have nothing more to come, so.', 'Alice for some way of speaking to a shriek, \'and just as she went on muttering over the wig, (look at the top of her knowledge. \'Just think of anything to put down yet, before the trial\'s over!\' thought Alice. \'I\'m glad they don\'t give birthday presents like that!\' He got behind him, and said \'No, never\') \'--so you can find it.\' And she began nibbling at the thought that she was a large plate came skimming out, straight at the window, and on it but tea. \'I don\'t see any wine,\' she remarked. \'It tells the day of the bread-and-butter. Just at this corner--No, tie \'em together first--they don\'t reach half high enough yet--Oh! they\'ll do well enough; don\'t be particular--Here, Bill! catch hold of it; and the others took the opportunity of showing off her head!\' the Queen shrieked out. \'Behead that Dormouse! Turn that Dormouse out of the birds and beasts, as well as if it likes.\' \'I\'d rather not,\' the Cat went on, spreading out the words: \'Where\'s the other side. The further off from.', '18-09-1989', 'Executive Secretary', '5', 'https://lorempixel.com/700/500/?53522', 3, '2020-05-19 04:55:23'),
(50, 'Fraud Investigator', 9, 5, 'Alice hastily; \'but I\'m not myself, you see.\' \'I don\'t think it\'s at all the things between whiles.\' \'Then you may nurse it a bit, if you only kept on good terms with him, he\'d do almost anything you liked with the next thing is, to get in at the righthand bit again, and Alice was beginning to think this a good character, But said I could show you our cat Dinah: I think it was,\' said the youth, \'and your jaws are too weak For anything tougher than suet; Yet you balanced an eel on the floor, as it was a long hookah, and taking not the right size to do such a neck as that! No, no! You\'re a serpent; and there\'s no use in saying anything more till the puppy\'s bark sounded quite faint in the distance, and she did it so VERY wide, but she got to see anything; then she had never forgotten that, if you were or might have been changed several times since then.\' \'What do you know what it might belong to one of the trees had a pencil that squeaked. This of course, I meant,\' the King replied.', 'Full time', '23238', 'Knave. The Knave did so, very carefully, with one of the goldfish kept running in her life before, and she set to work shaking him and punching him in the world! Oh, my dear paws! Oh my dear paws! Oh my fur and whiskers! She\'ll get me executed, as sure as ferrets are ferrets! Where CAN I have to go down the chimney?--Nay, I shan\'t! YOU do it!--That I won\'t, then!--Bill\'s to go and get ready to ask his neighbour to tell him. \'A nice muddle their slates\'ll be in Bill\'s place for a minute, nurse! But I\'ve got to the other side, the puppy jumped into the teapot. \'At any rate I\'ll never go THERE again!\' said Alice very politely; but she knew that it felt quite relieved to see if she had been anxiously looking across the field after it, and burning with curiosity, she ran off as hard as she could, and waited till she got back to her: its face to see you again, you dear old thing!\' said the Gryphon, \'you first form into a small passage, not much like keeping so close to the other end of the.', 'The first question of course had to sing \"Twinkle, twinkle, little bat! How I wonder who will put on your shoes and stockings for you now, dears? I\'m sure _I_ shan\'t be able! I shall fall right THROUGH the earth! How funny it\'ll seem, sending presents to one\'s own feet! And how odd the directions will look! ALICE\'S RIGHT FOOT, ESQ. HEARTHRUG, NEAR THE FENDER, (WITH ALICE\'S LOVE). Oh dear, what nonsense I\'m talking!\' Just then her head made her feel very uneasy: to be no chance of getting her hands on her toes when they saw Alice coming. \'There\'s PLENTY of room!\' said Alice sharply, for she was dozing off, and she was holding, and she felt a little three-legged table, all made a snatch in the other. In the very middle of one! There ought to have changed since her swim in the grass, merely remarking as it spoke (it was exactly one a-piece all round. (It was this last remark. \'Of course twinkling begins with a table in the air. Even the Duchess and the Gryphon interrupted in a tone of.', '09-04-2003', 'Library Worker', '7', 'https://lorempixel.com/700/500/?85849', 3, '2020-05-19 04:55:23'),
(52, 'demo title', 1, 1, 'demo description', 'full-time', '120000', 'How to apply', NULL, NULL, 'MCA', '1 year', NULL, 12, '2022-03-25 15:43:38');

-- --------------------------------------------------------

--
-- Table structure for table `professional_details`
--

CREATE TABLE `professional_details` (
  `id` int NOT NULL,
  `name` varchar(150) NOT NULL,
  `address` text NOT NULL,
  `phone` varchar(20) NOT NULL,
  `resume` varchar(150) NOT NULL,
  `user` int NOT NULL,
  `created_at` timestamp NOT NULL DEFAULT CURRENT_TIMESTAMP
) ENGINE=InnoDB DEFAULT CHARSET=utf8mb4 COLLATE=utf8mb4_unicode_ci;

--
-- Dumping data for table `professional_details`
--

INSERT INTO `professional_details` (`id`, `name`, `address`, `phone`, `resume`, `user`, `created_at`) VALUES
(1, 'john doe', 'guwhati,silpukhri', '98778998', 'http://localhost:5000/resume.pdf', 1, '2020-05-21 16:12:00'),
(2, 'Michael doe', 'guwhati,chandmari', '98778997', 'http://localhost:5000/resume.pdf', 2, '2020-05-21 16:12:00');

-- --------------------------------------------------------

--
-- Table structure for table `recruiter`
--

CREATE TABLE `recruiter` (
  `id` int NOT NULL,
  `email` varchar(150) DEFAULT NULL,
  `password` varchar(256) DEFAULT NULL,
  `last_password` varchar(256) DEFAULT NULL,
  `name` varchar(150) DEFAULT NULL,
  `phone` varchar(20) DEFAULT NULL,
  `city` varchar(150) DEFAULT NULL,
  `state` varchar(150) DEFAULT NULL,
  `pin` varchar(6) DEFAULT NULL,
  `address` varchar(256) DEFAULT NULL,
  `photo` varchar(150) DEFAULT NULL
) ENGINE=InnoDB DEFAULT CHARSET=utf8mb4 COLLATE=utf8mb4_unicode_ci;

--
-- Dumping data for table `recruiter`
--

INSERT INTO `recruiter` (`id`, `email`, `password`, `last_password`, `name`, `phone`, `city`, `state`, `pin`, `address`, `photo`) VALUES
(2, 'tabitha.lemke@hotmail.com', '$2y$10$agBqYA9a18Rmk35pvomoseKJLwYFOXp.RXS8bQLcUWa5ZPZim6QD2', '$2y$10$YJjQMwYLBWkEPgJu0xS8quNHFU5uCmBkFJsvsX5cF4U2gp1SsmNGe', 'Bode-Upton', '+1-682-401-2386', 'South Alizaland', 'Virginia', '74234', '38934 Hansen Spring Apt. 738\nMyrticeland, NC 68654', 'https://lorempixel.com/64/64/?60714'),
(3, 'enrico.stracke@dibbert.com', '$2y$10$agBqYA9a18Rmk35pvomoseKJLwYFOXp.RXS8bQLcUWa5ZPZim6QD2', '$2y$10$YJjQMwYLBWkEPgJu0xS8quNHFU5uCmBkFJsvsX5cF4U2gp1SsmNGe', 'Pollich Group', '(358) 806-9025', 'South Fannie', 'Alabama', '907041', '27489 Barrows Orchard Suite 844\nHartmannside, RI 31391', 'https://lorempixel.com/64/64/?63848'),
(4, 'julianne34@gmail.com', '$2y$10$agBqYA9a18Rmk35pvomoseKJLwYFOXp.RXS8bQLcUWa5ZPZim6QD2', '$2y$10$YJjQMwYLBWkEPgJu0xS8quNHFU5uCmBkFJsvsX5cF4U2gp1SsmNGe', 'Streich-Cartwright', '275.995.6573 x912', 'Lake Anjali', 'Pennsylvania', '907598', '9990 Meta Hollow Suite 384\nNorth Libbymouth, IN 39046', 'https://lorempixel.com/64/64/?27386'),
(5, 'bpaucek@jerde.com', '$2y$10$agBqYA9a18Rmk35pvomoseKJLwYFOXp.RXS8bQLcUWa5ZPZim6QD2', '$2y$10$YJjQMwYLBWkEPgJu0xS8quNHFU5uCmBkFJsvsX5cF4U2gp1SsmNGe', 'Dooley Group', '(364) 735-6113 x568', 'Weberhaven', 'Mississippi', '203422', '3626 Jaren Fork Apt. 796\nEast Erickaborough, AZ 75529', 'https://lorempixel.com/64/64/?56829'),
(6, 'lawrence28@kreiger.com', '$2y$10$agBqYA9a18Rmk35pvomoseKJLwYFOXp.RXS8bQLcUWa5ZPZim6QD2', '$2y$10$YJjQMwYLBWkEPgJu0xS8quNHFU5uCmBkFJsvsX5cF4U2gp1SsmNGe', 'Hill, Stokes and Haag', '396.991.9756 x864', 'Jazmynebury', 'South Carolina', '257223', '348 Ritchie Stream\nLake Annabell, MS 31108-4493', 'https://lorempixel.com/64/64/?89033'),
(7, 'kendra39@franecki.com', '$2y$10$agBqYA9a18Rmk35pvomoseKJLwYFOXp.RXS8bQLcUWa5ZPZim6QD2', '$2y$10$YJjQMwYLBWkEPgJu0xS8quNHFU5uCmBkFJsvsX5cF4U2gp1SsmNGe', 'Reichel-Mayer', '1-549-315-3818', 'South Martashire', 'Arkansas', '501865', '648 Chauncey Street\nMuellerfurt, NM 65082-7637', 'https://lorempixel.com/64/64/?39889'),
(8, 'olabadie@schumm.biz', '$2y$10$agBqYA9a18Rmk35pvomoseKJLwYFOXp.RXS8bQLcUWa5ZPZim6QD2', '$2y$10$YJjQMwYLBWkEPgJu0xS8quNHFU5uCmBkFJsvsX5cF4U2gp1SsmNGe', 'Heathcote LLC', '206.209.6360 x4202', 'Broderickland', 'Arizona', '50655', '260 Elliott Prairie Apt. 364\nPort Oswaldo, MD 29248-7668', 'https://lorempixel.com/64/64/?35260'),
(9, 'wspencer@ruecker.com', '$2y$10$agBqYA9a18Rmk35pvomoseKJLwYFOXp.RXS8bQLcUWa5ZPZim6QD2', '$2y$10$YJjQMwYLBWkEPgJu0xS8quNHFU5uCmBkFJsvsX5cF4U2gp1SsmNGe', 'Wintheiser, Nader and Dickens', '(605) 731-2478', 'Lake Eldaland', 'South Dakota', '284855', '668 Gerhold Ranch Suite 278\nNew Jordanchester, LA 10465-7257', 'https://lorempixel.com/64/64/?35532'),
(10, 'example@email.com', '$2y$10$agBqYA9a18Rmk35pvomoseKJLwYFOXp.RXS8bQLcUWa5ZPZim6QD2', '$2y$10$YJjQMwYLBWkEPgJu0xS8quNHFU5uCmBkFJsvsX5cF4U2gp1SsmNGe', 'john doe', '8822677188', 'ghy', 'assam', '781380', 'addres', '1_-YiJyBppziPcv-YD8eXhhw.png'),
(12, 'example1@email.com', '$2y$10$OyirD2o.ZB.yXrRFSFB0C.I3vDHF1eTLigjSsUU1aMoJwFuPcZYHe', NULL, 'john Doe', '9876543211', 'Guwahati', 'Assam', '781380', 'Address', 'john doe.jpg');

-- --------------------------------------------------------

--
-- Table structure for table `sector`
--

CREATE TABLE `sector` (
  `id` int NOT NULL,
  `name` varchar(150) DEFAULT NULL
) ENGINE=InnoDB DEFAULT CHARSET=utf8mb4 COLLATE=utf8mb4_unicode_ci;

--
-- Dumping data for table `sector`
--

INSERT INTO `sector` (`id`, `name`) VALUES
(1, 'Program Director'),
(2, 'Concierge'),
(3, 'Portable Power Tool Repairer'),
(4, 'Oral Surgeon'),
(5, 'Mathematical Science Teacher'),
(6, 'Parking Lot Attendant'),
(7, 'Editor'),
(8, 'Construction Equipment Operator'),
(9, 'Supervisor Fire Fighting Worker'),
(10, 'Hand Trimmer');

-- --------------------------------------------------------

--
-- Table structure for table `users`
--

CREATE TABLE `users` (
  `id` int NOT NULL,
  `name` varchar(150) DEFAULT NULL,
  `email` varchar(150) DEFAULT NULL,
  `password` varchar(256) DEFAULT NULL,
  `last_password` varchar(256) DEFAULT NULL,
  `resume` varchar(150) DEFAULT NULL
) ENGINE=InnoDB DEFAULT CHARSET=utf8mb4 COLLATE=utf8mb4_unicode_ci;

--
-- Dumping data for table `users`
--

INSERT INTO `users` (`id`, `name`, `email`, `password`, `last_password`, `resume`) VALUES
(1, 'John doe', 'example@email.com', '$2y$10$GFGLMsbNywFBZl52C2CvlehDbu1tZaxp75KvaALgT1nBkwsG3XY7G', '$2y$10$YJjQMwYLBWkEPgJu0xS8quNHFU5uCmBkFJsvsX5cF4U2gp1SsmNGe', 'c73b4ccb24ab82fc6d5ec8e051bcbc35.pdf'),
(2, 'john', 'inja@gmail.com', '$2y$10$GFGLMsbNywFBZl52C2CvlehDbu1tZaxp75KvaALgT1nBkwsG3XY7G', '$2y$10$YJjQMwYLBWkEPgJu0xS8quNHFU5uCmBkFJsvsX5cF4U2gp1SsmNGe', '171f9b571760676f1577b23b58ffdf3d.pdf'),
(3, 'Syed ', 'injamul.haque6@gmail.com', '$2y$10$YJjQMwYLBWkEPgJu0xS8quNHFU5uCmBkFJsvsX5cF4U2gp1SsmNGe', '$2y$10$YJjQMwYLBWkEPgJu0xS8quNHFU5uCmBkFJsvsX5cF4U2gp1SsmNGe', '5aa2fd057a890dfd1c02df2afef67641.pdf'),
(4, 'demo name', 'example2@email.com', '$2y$10$sOBWTTqob9VrwEL1kaFfSOvq5AOWrDkaSKLS6qHKniGvHVcY98mES', NULL, 'cdc12cdfde784614d1c8a7b005410e0c.pdf');

--
-- Indexes for dumped tables
--

--
-- Indexes for table `admin`
--
ALTER TABLE `admin`
  ADD PRIMARY KEY (`id`);

--
-- Indexes for table `applied_jobs`
--
ALTER TABLE `applied_jobs`
  ADD PRIMARY KEY (`id`);

--
-- Indexes for table `city`
--
ALTER TABLE `city`
  ADD PRIMARY KEY (`id`);

--
-- Indexes for table `jobs`
--
ALTER TABLE `jobs`
  ADD PRIMARY KEY (`id`);

--
-- Indexes for table `professional_details`
--
ALTER TABLE `professional_details`
  ADD PRIMARY KEY (`id`);

--
-- Indexes for table `recruiter`
--
ALTER TABLE `recruiter`
  ADD PRIMARY KEY (`id`);

--
-- Indexes for table `sector`
--
ALTER TABLE `sector`
  ADD PRIMARY KEY (`id`);

--
-- Indexes for table `users`
--
ALTER TABLE `users`
  ADD PRIMARY KEY (`id`);

--
-- AUTO_INCREMENT for dumped tables
--

--
-- AUTO_INCREMENT for table `admin`
--
ALTER TABLE `admin`
  MODIFY `id` int NOT NULL AUTO_INCREMENT, AUTO_INCREMENT=2;

--
-- AUTO_INCREMENT for table `applied_jobs`
--
ALTER TABLE `applied_jobs`
  MODIFY `id` int NOT NULL AUTO_INCREMENT, AUTO_INCREMENT=22;

--
-- AUTO_INCREMENT for table `city`
--
ALTER TABLE `city`
  MODIFY `id` int NOT NULL AUTO_INCREMENT, AUTO_INCREMENT=12;

--
-- AUTO_INCREMENT for table `jobs`
--
ALTER TABLE `jobs`
  MODIFY `id` int NOT NULL AUTO_INCREMENT, AUTO_INCREMENT=53;

--
-- AUTO_INCREMENT for table `professional_details`
--
ALTER TABLE `professional_details`
  MODIFY `id` int NOT NULL AUTO_INCREMENT, AUTO_INCREMENT=3;

--
-- AUTO_INCREMENT for table `recruiter`
--
ALTER TABLE `recruiter`
  MODIFY `id` int NOT NULL AUTO_INCREMENT, AUTO_INCREMENT=13;

--
-- AUTO_INCREMENT for table `sector`
--
ALTER TABLE `sector`
  MODIFY `id` int NOT NULL AUTO_INCREMENT, AUTO_INCREMENT=15;

--
-- AUTO_INCREMENT for table `users`
--
ALTER TABLE `users`
  MODIFY `id` int NOT NULL AUTO_INCREMENT, AUTO_INCREMENT=5;
COMMIT;

/*!40101 SET CHARACTER_SET_CLIENT=@OLD_CHARACTER_SET_CLIENT */;
/*!40101 SET CHARACTER_SET_RESULTS=@OLD_CHARACTER_SET_RESULTS */;
/*!40101 SET COLLATION_CONNECTION=@OLD_COLLATION_CONNECTION */;
